typeofaction,sourceid,destinationid,amountofmoney,date,isfraud,typeoffraud
transfer,42454,32893,7270189,2019-02-25 11:50:00,1,type2
transfer,32893,30530,7270189,2019-03-12 11:43:00,1,type2
transfer,30530,36647,7270189,2019-03-17 10:25:00,1,type2
transfer,36647,64269,7270189,2019-05-29 10:06:00,1,type2
transfer,64269,48051,7270189,2019-05-31 09:00:00,1,type2
transfer,48051,1970,7270189,2019-07-16 12:45:00,1,type2
transfer,44881,76348,5983503,2019-03-06 14:51:00,1,type2
transfer,76348,96871,5983503,2019-03-21 13:42:00,1,type2
transfer,96871,70897,5983503,2019-04-10 12:57:00,1,type2
transfer,70897,98417,5983503,2019-04-16 13:05:00,1,type2
transfer,98417,77678,5983503,2019-04-25 15:30:00,1,type2
transfer,77678,98047,5983503,2019-05-26 15:13:00,1,type2
transfer,98047,60563,5983503,2019-06-05 08:27:00,1,type2
transfer,60563,414,5983503,2019-07-15 11:12:00,1,type2
transfer,414,84965,5983503,2019-07-19 15:36:00,1,type2
transfer,58314,96855,6944610,2019-02-26 15:23:00,1,type2
transfer,96855,92885,6944610,2019-02-27 14:59:00,1,type2
transfer,92885,85539,6944610,2019-03-06 10:23:00,1,type2
transfer,85539,74228,6944610,2019-03-26 11:38:00,1,type2
transfer,74228,35778,6944610,2019-04-02 14:36:00,1,type2
transfer,35778,66713,6944610,2019-04-08 14:16:00,1,type2
transfer,66713,8567,6944610,2019-04-12 13:13:00,1,type2
transfer,8567,87555,6944610,2019-04-19 08:32:00,1,type2
transfer,87555,91021,6944610,2019-04-19 10:40:00,1,type2
transfer,91021,59712,6944610,2019-04-21 11:27:00,1,type2
transfer,59712,33274,6944610,2019-04-23 15:22:00,1,type2
transfer,33274,95242,6944610,2019-05-07 09:37:00,1,type2
transfer,95242,70731,6944610,2019-05-09 15:17:00,1,type2
transfer,70731,41780,6944610,2019-05-10 11:49:00,1,type2
transfer,41780,35225,6944610,2019-05-15 12:07:00,1,type2
transfer,35225,47114,6944610,2019-05-21 11:51:00,1,type2
transfer,47114,13272,6944610,2019-05-25 10:01:00,1,type2
transfer,13272,5645,6944610,2019-05-31 08:52:00,1,type2
transfer,5645,70436,6944610,2019-06-05 10:40:00,1,type2
transfer,70436,2802,6944610,2019-06-05 15:30:00,1,type2
transfer,2802,87433,6944610,2019-06-13 13:45:00,1,type2
transfer,87433,90992,6944610,2019-06-28 15:42:00,1,type2
transfer,90992,4943,6944610,2019-07-05 12:15:00,1,type2
transfer,83481,18652,7259213,2019-02-24 12:54:00,1,type2
transfer,18652,46559,7259213,2019-03-05 13:05:00,1,type2
transfer,46559,82128,7259213,2019-03-15 11:01:00,1,type2
transfer,82128,35540,7259213,2019-03-18 08:54:00,1,type2
transfer,35540,48703,7259213,2019-04-03 11:23:00,1,type2
transfer,48703,4689,7259213,2019-04-07 12:59:00,1,type2
transfer,4689,73081,7259213,2019-04-14 15:47:00,1,type2
transfer,73081,43005,7259213,2019-04-27 13:58:00,1,type2
transfer,43005,23718,7259213,2019-04-29 08:56:00,1,type2
transfer,23718,75731,7259213,2019-05-10 14:59:00,1,type2
transfer,75731,13541,7259213,2019-05-12 14:21:00,1,type2
transfer,13541,86616,7259213,2019-05-21 13:00:00,1,type2
transfer,86616,30351,7259213,2019-05-23 09:40:00,1,type2
transfer,30351,54421,7259213,2019-05-24 13:25:00,1,type2
transfer,54421,71902,7259213,2019-05-26 11:49:00,1,type2
transfer,71902,89585,7259213,2019-06-09 08:05:00,1,type2
transfer,89585,62633,7259213,2019-06-11 08:49:00,1,type2
transfer,62633,51413,7259213,2019-06-20 08:02:00,1,type2
transfer,51413,51492,7259213,2019-06-20 08:46:00,1,type2
transfer,51492,67532,7259213,2019-06-20 13:05:00,1,type2
transfer,67532,20238,7259213,2019-06-27 12:15:00,1,type2
transfer,20238,95209,7259213,2019-06-30 12:32:00,1,type2
transfer,95209,12159,7259213,2019-07-01 14:43:00,1,type2
transfer,12159,31132,7259213,2019-07-18 15:43:00,1,type2
transfer,51905,83520,7042628,2019-03-13 14:42:00,1,type2
transfer,83520,21933,7042628,2019-03-13 15:15:00,1,type2
transfer,21933,28680,7042628,2019-03-14 12:39:00,1,type2
transfer,28680,61453,7042628,2019-03-18 11:02:00,1,type2
transfer,61453,99444,7042628,2019-04-23 11:39:00,1,type2
transfer,99444,25410,7042628,2019-04-23 14:34:00,1,type2
transfer,25410,98222,7042628,2019-05-27 10:07:00,1,type2
transfer,98222,48954,7042628,2019-06-05 13:46:00,1,type2
transfer,48954,62123,7042628,2019-06-11 11:03:00,1,type2
transfer,62123,1008,7042628,2019-07-01 10:04:00,1,type2
transfer,1008,19795,7042628,2019-07-08 10:45:00,1,type2
transfer,19795,36123,7042628,2019-07-08 13:22:00,1,type2
transfer,47590,16290,7130066,2019-03-08 08:18:00,1,type2
transfer,16290,12859,7130066,2019-03-09 10:38:00,1,type2
transfer,12859,60685,7130066,2019-03-09 12:49:00,1,type2
transfer,60685,93590,7130066,2019-04-08 11:21:00,1,type2
transfer,93590,41731,7130066,2019-04-26 09:26:00,1,type2
transfer,41731,59544,7130066,2019-04-29 08:02:00,1,type2
transfer,59544,34132,7130066,2019-05-05 11:18:00,1,type2
transfer,34132,28150,7130066,2019-05-19 15:58:00,1,type2
transfer,28150,44752,7130066,2019-05-23 09:43:00,1,type2
transfer,44752,63384,7130066,2019-05-25 08:11:00,1,type2
transfer,63384,28424,7130066,2019-05-27 08:55:00,1,type2
transfer,28424,17067,7130066,2019-06-17 11:40:00,1,type2
transfer,17067,61320,7130066,2019-07-05 11:56:00,1,type2
transfer,61320,11181,7130066,2019-07-13 10:47:00,1,type2
transfer,70212,19597,7474036,2019-03-03 08:17:00,1,type2
transfer,19597,1265,7474036,2019-03-13 15:17:00,1,type2
transfer,1265,66955,7474036,2019-03-28 13:53:00,1,type2
transfer,66955,47361,7474036,2019-04-01 10:29:00,1,type2
transfer,47361,55499,7474036,2019-05-11 09:55:00,1,type2
transfer,55499,37773,7474036,2019-05-14 10:18:00,1,type2
transfer,37773,25554,7474036,2019-05-17 10:12:00,1,type2
transfer,25554,59135,7474036,2019-05-24 15:38:00,1,type2
transfer,59135,50648,7474036,2019-06-02 15:29:00,1,type2
transfer,50648,67134,7474036,2019-06-09 13:36:00,1,type2
transfer,67134,98434,7474036,2019-06-15 11:32:00,1,type2
transfer,98434,15793,7474036,2019-07-06 08:23:00,1,type2
transfer,15793,28005,7474036,2019-07-17 12:02:00,1,type2
transfer,28005,77462,7474036,2019-07-18 09:50:00,1,type2
transfer,31270,93784,7629866,2019-03-08 13:26:00,1,type2
transfer,93784,12394,7629866,2019-03-11 12:28:00,1,type2
transfer,12394,12290,7629866,2019-03-27 11:06:00,1,type2
transfer,12290,31377,7629866,2019-05-12 15:59:00,1,type2
transfer,31377,45615,7629866,2019-06-01 11:47:00,1,type2
transfer,45615,18899,7629866,2019-06-17 10:57:00,1,type2
transfer,18899,79698,7629866,2019-06-22 10:08:00,1,type2
transfer,79698,5891,7629866,2019-07-05 09:12:00,1,type2
transfer,5891,27880,7629866,2019-07-06 11:10:00,1,type2
transfer,29182,4588,7881878,2019-02-22 08:34:00,1,type2
transfer,4588,30874,7881878,2019-03-17 13:11:00,1,type2
transfer,30874,10085,7881878,2019-03-21 09:53:00,1,type2
transfer,10085,75200,7881878,2019-04-08 10:55:00,1,type2
transfer,75200,90043,7881878,2019-04-13 13:58:00,1,type2
transfer,90043,18262,7881878,2019-05-10 14:55:00,1,type2
transfer,18262,27723,7881878,2019-05-11 11:38:00,1,type2
transfer,27723,76733,7881878,2019-05-19 12:43:00,1,type2
transfer,76733,60635,7881878,2019-06-01 13:43:00,1,type2
transfer,60635,79115,7881878,2019-06-03 12:06:00,1,type2
transfer,79115,81153,7881878,2019-07-04 11:40:00,1,type2
transfer,81153,61280,7881878,2019-07-07 10:53:00,1,type2
transfer,61280,70824,7881878,2019-07-17 13:04:00,1,type2
transfer,25682,59982,5505135,2019-02-21 09:10:00,1,type2
transfer,59982,87061,5505135,2019-02-21 15:50:00,1,type2
transfer,87061,55735,5505135,2019-02-26 08:31:00,1,type2
transfer,55735,81463,5505135,2019-03-04 08:29:00,1,type2
transfer,81463,29791,5505135,2019-03-20 10:02:00,1,type2
transfer,29791,84810,5505135,2019-03-27 14:19:00,1,type2
transfer,84810,18415,5505135,2019-03-31 11:07:00,1,type2
transfer,18415,40262,5505135,2019-04-11 14:09:00,1,type2
transfer,40262,91800,5505135,2019-04-12 09:55:00,1,type2
transfer,91800,78720,5505135,2019-04-12 13:13:00,1,type2
transfer,78720,23436,5505135,2019-04-17 11:03:00,1,type2
transfer,23436,23329,5505135,2019-04-19 14:06:00,1,type2
transfer,23329,77289,5505135,2019-05-04 14:02:00,1,type2
transfer,77289,24637,5505135,2019-05-14 12:16:00,1,type2
transfer,24637,23120,5505135,2019-05-19 14:16:00,1,type2
transfer,23120,23021,5505135,2019-06-01 12:50:00,1,type2
transfer,23021,35384,5505135,2019-06-04 08:55:00,1,type2
transfer,35384,36942,5505135,2019-06-06 12:20:00,1,type2
transfer,36942,44071,5505135,2019-06-07 11:07:00,1,type2
transfer,44071,6211,5505135,2019-06-30 09:28:00,1,type2
transfer,6211,40833,5505135,2019-07-02 15:25:00,1,type2
transfer,40833,69782,5505135,2019-07-12 08:39:00,1,type2
transfer,69782,1906,5505135,2019-07-12 09:58:00,1,type2
transfer,39185,10202,5004735,2019-03-03 14:31:00,1,type2
transfer,10202,8566,5004735,2019-03-09 08:11:00,1,type2
transfer,8566,68275,5004735,2019-04-03 08:40:00,1,type2
transfer,68275,54367,5004735,2019-04-26 15:24:00,1,type2
transfer,54367,31610,5004735,2019-05-17 13:57:00,1,type2
transfer,31610,65175,5004735,2019-05-21 12:07:00,1,type2
transfer,65175,2349,5004735,2019-05-25 15:32:00,1,type2
transfer,2349,59772,5004735,2019-06-08 09:58:00,1,type2
transfer,59772,91404,5004735,2019-06-10 11:18:00,1,type2
transfer,91404,54988,5004735,2019-06-19 12:54:00,1,type2
transfer,54988,88062,5004735,2019-06-28 13:38:00,1,type2
transfer,88062,51626,5004735,2019-07-02 12:03:00,1,type2
transfer,51626,12781,5004735,2019-07-03 10:04:00,1,type2
transfer,20849,70229,5820894,2019-02-22 13:04:00,1,type2
transfer,70229,355,5820894,2019-02-22 15:51:00,1,type2
transfer,355,32083,5820894,2019-02-26 10:58:00,1,type2
transfer,32083,7844,5820894,2019-02-27 11:43:00,1,type2
transfer,7844,57355,5820894,2019-03-01 15:53:00,1,type2
transfer,57355,23333,5820894,2019-03-09 11:40:00,1,type2
transfer,23333,51985,5820894,2019-03-10 11:46:00,1,type2
transfer,51985,90802,5820894,2019-03-18 08:48:00,1,type2
transfer,90802,27855,5820894,2019-03-20 15:20:00,1,type2
transfer,27855,22279,5820894,2019-04-16 09:09:00,1,type2
transfer,22279,78391,5820894,2019-04-16 09:35:00,1,type2
transfer,78391,65372,5820894,2019-05-09 10:38:00,1,type2
transfer,65372,8719,5820894,2019-05-15 09:07:00,1,type2
transfer,8719,59910,5820894,2019-05-19 08:15:00,1,type2
transfer,59910,18263,5820894,2019-05-20 08:08:00,1,type2
transfer,18263,48977,5820894,2019-06-01 11:42:00,1,type2
transfer,48977,90823,5820894,2019-06-02 14:52:00,1,type2
transfer,90823,92278,5820894,2019-06-04 12:14:00,1,type2
transfer,92278,59150,5820894,2019-06-08 09:28:00,1,type2
transfer,59150,55884,5820894,2019-06-10 08:45:00,1,type2
transfer,55884,15913,5820894,2019-06-13 13:02:00,1,type2
transfer,15913,99193,5820894,2019-07-02 11:57:00,1,type2
transfer,99193,2405,5820894,2019-07-03 12:12:00,1,type2
transfer,30553,89924,7013498,2019-02-28 11:43:00,1,type2
transfer,89924,75789,7013498,2019-03-09 08:31:00,1,type2
transfer,75789,8475,7013498,2019-03-09 13:49:00,1,type2
transfer,8475,68269,7013498,2019-03-13 08:16:00,1,type2
transfer,68269,17819,7013498,2019-03-19 09:43:00,1,type2
transfer,17819,9884,7013498,2019-03-25 13:54:00,1,type2
transfer,9884,95983,7013498,2019-04-20 14:06:00,1,type2
transfer,95983,56458,7013498,2019-04-28 15:04:00,1,type2
transfer,56458,22341,7013498,2019-05-01 14:58:00,1,type2
transfer,22341,636,7013498,2019-05-05 09:48:00,1,type2
transfer,636,63148,7013498,2019-05-15 10:24:00,1,type2
transfer,63148,89382,7013498,2019-05-20 12:11:00,1,type2
transfer,89382,44038,7013498,2019-05-27 15:17:00,1,type2
transfer,44038,49500,7013498,2019-05-31 12:56:00,1,type2
transfer,49500,89628,7013498,2019-06-03 12:01:00,1,type2
transfer,89628,68940,7013498,2019-06-28 11:14:00,1,type2
transfer,68940,8637,7013498,2019-06-29 10:36:00,1,type2
transfer,8637,38215,7013498,2019-07-01 11:49:00,1,type2
transfer,38215,35484,7013498,2019-07-04 09:39:00,1,type2
transfer,35484,3185,7013498,2019-07-08 13:24:00,1,type2
transfer,3185,46114,7013498,2019-07-15 12:05:00,1,type2
transfer,85457,50028,5523379,2019-02-21 14:12:00,1,type2
transfer,50028,56742,5523379,2019-02-23 13:46:00,1,type2
transfer,56742,1366,5523379,2019-02-27 09:20:00,1,type2
transfer,1366,3381,5523379,2019-03-01 15:51:00,1,type2
transfer,3381,50866,5523379,2019-03-04 09:55:00,1,type2
transfer,50866,62749,5523379,2019-03-06 09:35:00,1,type2
transfer,62749,3912,5523379,2019-03-12 15:13:00,1,type2
transfer,3912,62828,5523379,2019-04-01 13:46:00,1,type2
transfer,62828,62413,5523379,2019-04-05 14:54:00,1,type2
transfer,62413,8657,5523379,2019-04-16 11:26:00,1,type2
transfer,8657,57832,5523379,2019-04-16 12:15:00,1,type2
transfer,57832,82169,5523379,2019-05-07 15:24:00,1,type2
transfer,82169,36275,5523379,2019-05-24 09:17:00,1,type2
transfer,36275,18972,5523379,2019-05-24 14:23:00,1,type2
transfer,18972,62001,5523379,2019-06-02 13:03:00,1,type2
transfer,62001,50177,5523379,2019-06-12 13:50:00,1,type2
transfer,50177,94708,5523379,2019-07-02 14:50:00,1,type2
transfer,94708,41032,5523379,2019-07-05 11:09:00,1,type2
transfer,41032,30699,5523379,2019-07-11 10:26:00,1,type2
transfer,30699,97635,5523379,2019-07-16 10:24:00,1,type2
transfer,97635,90379,5523379,2019-07-18 12:53:00,1,type2
transfer,73532,58640,6654803,2019-02-21 10:00:00,1,type2
transfer,58640,1577,6654803,2019-02-26 12:42:00,1,type2
transfer,1577,84551,6654803,2019-03-06 14:06:00,1,type2
transfer,84551,97738,6654803,2019-03-21 09:02:00,1,type2
transfer,97738,92460,6654803,2019-03-25 10:17:00,1,type2
transfer,92460,6599,6654803,2019-03-26 10:22:00,1,type2
transfer,6599,32997,6654803,2019-03-28 15:58:00,1,type2
transfer,32997,57384,6654803,2019-04-01 11:55:00,1,type2
transfer,57384,42460,6654803,2019-04-04 12:30:00,1,type2
transfer,42460,32346,6654803,2019-04-12 13:26:00,1,type2
transfer,32346,26734,6654803,2019-04-16 10:05:00,1,type2
transfer,26734,78224,6654803,2019-04-16 11:35:00,1,type2
transfer,78224,64582,6654803,2019-04-16 14:03:00,1,type2
transfer,64582,57711,6654803,2019-05-05 09:08:00,1,type2
transfer,57711,89866,6654803,2019-05-11 08:08:00,1,type2
transfer,89866,9408,6654803,2019-05-17 09:37:00,1,type2
transfer,9408,47099,6654803,2019-05-19 09:18:00,1,type2
transfer,47099,28292,6654803,2019-05-25 12:16:00,1,type2
transfer,28292,24583,6654803,2019-06-06 13:05:00,1,type2
transfer,24583,94580,6654803,2019-06-07 11:33:00,1,type2
transfer,94580,98137,6654803,2019-06-23 08:18:00,1,type2
transfer,98137,52566,6654803,2019-07-08 13:13:00,1,type2
transfer,52566,8509,6654803,2019-07-10 15:55:00,1,type2
transfer,8509,82804,6654803,2019-07-18 12:22:00,1,type2
transfer,61330,80052,7012527,2019-03-25 13:26:00,1,type2
transfer,80052,52054,7012527,2019-04-01 08:58:00,1,type2
transfer,52054,75252,7012527,2019-04-08 09:20:00,1,type2
transfer,75252,94658,7012527,2019-04-13 12:06:00,1,type2
transfer,94658,29555,7012527,2019-04-26 10:09:00,1,type2
transfer,29555,83209,7012527,2019-05-12 14:02:00,1,type2
transfer,83209,25531,7012527,2019-05-18 15:23:00,1,type2
transfer,25531,37485,7012527,2019-05-19 11:00:00,1,type2
transfer,37485,52245,7012527,2019-06-07 08:10:00,1,type2
transfer,52245,27205,7012527,2019-06-29 11:27:00,1,type2
transfer,27205,7012,7012527,2019-07-02 08:35:00,1,type2
transfer,34166,99897,6763814,2019-02-21 08:15:00,1,type2
transfer,99897,90762,6763814,2019-04-08 13:07:00,1,type2
transfer,90762,94652,6763814,2019-05-08 11:29:00,1,type2
transfer,94652,294,6763814,2019-06-07 10:43:00,1,type2
transfer,294,42293,6763814,2019-06-07 15:16:00,1,type2
transfer,57833,5702,5815280,2019-03-02 15:52:00,1,type2
transfer,5702,65057,5815280,2019-03-04 15:59:00,1,type2
transfer,65057,8971,5815280,2019-03-16 15:18:00,1,type2
transfer,8971,71695,5815280,2019-03-17 12:01:00,1,type2
transfer,71695,40056,5815280,2019-04-05 15:38:00,1,type2
transfer,40056,65904,5815280,2019-04-07 12:23:00,1,type2
transfer,65904,38537,5815280,2019-04-09 11:13:00,1,type2
transfer,38537,93771,5815280,2019-04-09 14:10:00,1,type2
transfer,93771,48889,5815280,2019-04-16 13:04:00,1,type2
transfer,48889,37799,5815280,2019-04-19 08:51:00,1,type2
transfer,37799,78632,5815280,2019-04-30 10:09:00,1,type2
transfer,78632,66144,5815280,2019-05-01 11:42:00,1,type2
transfer,66144,55902,5815280,2019-05-07 15:51:00,1,type2
transfer,55902,46192,5815280,2019-05-09 13:56:00,1,type2
transfer,46192,92695,5815280,2019-06-01 13:28:00,1,type2
transfer,92695,9761,5815280,2019-06-06 15:56:00,1,type2
transfer,9761,73630,5815280,2019-06-08 12:53:00,1,type2
transfer,73630,79987,5815280,2019-06-28 11:47:00,1,type2
transfer,79987,9368,5815280,2019-07-01 10:48:00,1,type2
transfer,9368,88486,5815280,2019-07-10 12:02:00,1,type2
transfer,88486,66606,5815280,2019-07-10 13:19:00,1,type2
transfer,66606,35053,5815280,2019-07-12 14:21:00,1,type2
transfer,35053,50985,5815280,2019-07-13 13:26:00,1,type2
transfer,50985,88714,5815280,2019-07-17 10:39:00,1,type2
transfer,95835,53518,7952497,2019-05-07 11:23:00,1,type2
transfer,53518,60865,7952497,2019-05-15 08:25:00,1,type2
transfer,60865,67506,7952497,2019-05-16 12:05:00,1,type2
transfer,67506,41341,7952497,2019-06-08 09:04:00,1,type2
transfer,41341,25679,7952497,2019-07-09 11:52:00,1,type2
transfer,3961,76162,6850595,2019-03-04 15:20:00,1,type2
transfer,76162,71574,6850595,2019-04-16 13:34:00,1,type2
transfer,71574,67662,6850595,2019-05-13 15:17:00,1,type2
transfer,67662,57384,6850595,2019-05-19 15:55:00,1,type2
transfer,57384,90524,6850595,2019-06-02 09:04:00,1,type2
transfer,68625,17909,6615328,2019-02-28 13:01:00,1,type2
transfer,17909,38002,6615328,2019-03-20 10:07:00,1,type2
transfer,38002,56721,6615328,2019-04-23 15:10:00,1,type2
transfer,56721,33784,6615328,2019-04-24 08:55:00,1,type2
transfer,33784,51575,6615328,2019-06-17 11:15:00,1,type2
transfer,51575,78164,6615328,2019-06-17 15:44:00,1,type2
transfer,78164,93853,6615328,2019-06-22 15:22:00,1,type2
transfer,93853,76022,6615328,2019-06-25 08:13:00,1,type2
transfer,76022,19634,6615328,2019-07-01 15:21:00,1,type2
transfer,66897,87520,6421783,2019-03-08 08:13:00,1,type2
transfer,87520,87615,6421783,2019-03-31 09:34:00,1,type2
transfer,87615,52483,6421783,2019-04-16 14:05:00,1,type2
transfer,52483,76267,6421783,2019-05-08 11:52:00,1,type2
transfer,76267,45383,6421783,2019-05-11 08:41:00,1,type2
transfer,45383,5110,6421783,2019-05-15 08:23:00,1,type2
transfer,5110,62286,6421783,2019-05-20 08:29:00,1,type2
transfer,62286,81909,6421783,2019-05-27 11:03:00,1,type2
transfer,81909,26650,6421783,2019-06-05 11:29:00,1,type2
transfer,26650,63119,6421783,2019-06-06 08:53:00,1,type2
transfer,63119,41122,6421783,2019-06-14 09:08:00,1,type2
transfer,41122,54119,6421783,2019-06-24 12:47:00,1,type2
transfer,54119,97966,6421783,2019-07-06 13:20:00,1,type2
transfer,950,88357,6493011,2019-03-05 14:57:00,1,type2
transfer,88357,96627,6493011,2019-03-13 08:24:00,1,type2
transfer,96627,71881,6493011,2019-03-22 13:29:00,1,type2
transfer,71881,10608,6493011,2019-04-17 09:34:00,1,type2
transfer,10608,16272,6493011,2019-04-30 08:13:00,1,type2
transfer,16272,62981,6493011,2019-05-06 09:41:00,1,type2
transfer,62981,11695,6493011,2019-05-12 12:43:00,1,type2
transfer,11695,74486,6493011,2019-05-16 12:00:00,1,type2
transfer,74486,38258,6493011,2019-05-23 10:11:00,1,type2
transfer,38258,93492,6493011,2019-05-28 08:40:00,1,type2
transfer,93492,2466,6493011,2019-05-30 10:33:00,1,type2
transfer,2466,44313,6493011,2019-06-04 12:30:00,1,type2
transfer,44313,37630,6493011,2019-06-07 13:21:00,1,type2
transfer,37630,98242,6493011,2019-06-22 15:28:00,1,type2
transfer,98242,15558,6493011,2019-07-13 13:33:00,1,type2
transfer,15558,81278,6493011,2019-07-15 10:00:00,1,type2
transfer,14363,95594,5972619,2019-02-23 14:57:00,1,type2
transfer,95594,35300,5972619,2019-03-17 13:27:00,1,type2
transfer,35300,1991,5972619,2019-03-29 09:51:00,1,type2
transfer,1991,82483,5972619,2019-04-15 11:10:00,1,type2
transfer,82483,63326,5972619,2019-04-26 09:53:00,1,type2
transfer,63326,70242,5972619,2019-05-09 14:14:00,1,type2
transfer,70242,63810,5972619,2019-05-18 11:01:00,1,type2
transfer,63810,22306,5972619,2019-06-28 15:28:00,1,type2
transfer,21038,16863,6352694,2019-03-04 12:51:00,1,type2
transfer,16863,38558,6352694,2019-03-06 11:43:00,1,type2
transfer,38558,57768,6352694,2019-03-12 14:27:00,1,type2
transfer,57768,9810,6352694,2019-03-14 11:11:00,1,type2
transfer,9810,51713,6352694,2019-03-19 15:27:00,1,type2
transfer,51713,61936,6352694,2019-03-28 14:57:00,1,type2
transfer,61936,68283,6352694,2019-04-09 11:47:00,1,type2
transfer,68283,51673,6352694,2019-04-25 10:21:00,1,type2
transfer,51673,65837,6352694,2019-04-29 08:05:00,1,type2
transfer,65837,26663,6352694,2019-05-26 09:32:00,1,type2
transfer,45741,44840,7422956,2019-02-27 08:42:00,1,type2
transfer,44840,15517,7422956,2019-02-27 11:01:00,1,type2
transfer,15517,7654,7422956,2019-03-15 14:32:00,1,type2
transfer,7654,86315,7422956,2019-03-17 12:02:00,1,type2
transfer,86315,46239,7422956,2019-03-25 14:29:00,1,type2
transfer,46239,96888,7422956,2019-04-03 09:48:00,1,type2
transfer,96888,43458,7422956,2019-04-03 15:24:00,1,type2
transfer,43458,10997,7422956,2019-04-04 12:58:00,1,type2
transfer,10997,33473,7422956,2019-04-07 11:49:00,1,type2
transfer,33473,32740,7422956,2019-04-17 10:02:00,1,type2
transfer,32740,9490,7422956,2019-04-22 15:41:00,1,type2
transfer,9490,56185,7422956,2019-04-30 14:17:00,1,type2
transfer,56185,32420,7422956,2019-05-11 15:10:00,1,type2
transfer,32420,77936,7422956,2019-06-09 08:32:00,1,type2
transfer,77936,78819,7422956,2019-06-10 14:59:00,1,type2
transfer,78819,47111,7422956,2019-06-12 13:51:00,1,type2
transfer,47111,34947,7422956,2019-06-14 13:51:00,1,type2
transfer,34947,55838,7422956,2019-06-17 10:41:00,1,type2
transfer,55838,13410,7422956,2019-06-22 13:18:00,1,type2
transfer,13410,95198,7422956,2019-06-23 13:31:00,1,type2
transfer,95198,76344,7422956,2019-06-29 10:54:00,1,type2
transfer,76344,23503,7422956,2019-06-30 10:17:00,1,type2
transfer,23503,74586,7422956,2019-07-06 08:39:00,1,type2
transfer,74586,22963,7422956,2019-07-15 14:06:00,1,type2
transfer,44827,27662,5268988,2019-03-18 10:57:00,1,type2
transfer,27662,92734,5268988,2019-05-03 09:16:00,1,type2
transfer,92734,63730,5268988,2019-07-02 10:08:00,1,type2
transfer,63730,77073,5268988,2019-07-05 14:01:00,1,type2
transfer,77073,33133,5268988,2019-07-12 14:31:00,1,type2
transfer,33133,43171,5268988,2019-07-16 13:18:00,1,type2
transfer,10560,16835,7621775,2019-02-23 10:13:00,1,type2
transfer,16835,58819,7621775,2019-03-01 10:10:00,1,type2
transfer,58819,55033,7621775,2019-03-01 10:39:00,1,type2
transfer,55033,86948,7621775,2019-03-02 08:20:00,1,type2
transfer,86948,31965,7621775,2019-03-08 12:32:00,1,type2
transfer,31965,69542,7621775,2019-04-09 15:00:00,1,type2
transfer,69542,74761,7621775,2019-04-20 10:47:00,1,type2
transfer,74761,78808,7621775,2019-04-22 11:28:00,1,type2
transfer,78808,24306,7621775,2019-04-23 08:34:00,1,type2
transfer,24306,23199,7621775,2019-04-26 11:24:00,1,type2
transfer,23199,65145,7621775,2019-05-03 09:31:00,1,type2
transfer,65145,96091,7621775,2019-05-03 14:03:00,1,type2
transfer,96091,46638,7621775,2019-05-11 15:28:00,1,type2
transfer,46638,50729,7621775,2019-05-24 13:02:00,1,type2
transfer,50729,90209,7621775,2019-05-27 14:48:00,1,type2
transfer,90209,75622,7621775,2019-05-30 15:30:00,1,type2
transfer,75622,73215,7621775,2019-05-31 15:51:00,1,type2
transfer,73215,89274,7621775,2019-06-10 15:17:00,1,type2
transfer,89274,64868,7621775,2019-06-21 12:41:00,1,type2
transfer,64868,99007,7621775,2019-07-08 09:32:00,1,type2
transfer,99007,77724,7621775,2019-07-16 14:27:00,1,type2
transfer,77724,46022,7621775,2019-07-19 10:07:00,1,type2
transfer,58107,95867,6937925,2019-03-10 14:17:00,1,type2
transfer,95867,98698,6937925,2019-03-29 12:48:00,1,type2
transfer,98698,67570,6937925,2019-04-14 11:20:00,1,type2
transfer,67570,32548,6937925,2019-04-22 08:07:00,1,type2
transfer,32548,55468,6937925,2019-04-22 11:50:00,1,type2
transfer,55468,4017,6937925,2019-05-12 09:25:00,1,type2
transfer,4017,33174,6937925,2019-05-19 14:23:00,1,type2
transfer,33174,81173,6937925,2019-05-21 13:19:00,1,type2
transfer,81173,48265,6937925,2019-07-10 08:18:00,1,type2
transfer,34989,47569,5806795,2019-02-25 11:10:00,1,type2
transfer,47569,54151,5806795,2019-03-12 10:41:00,1,type2
transfer,54151,44075,5806795,2019-03-15 08:29:00,1,type2
transfer,44075,55646,5806795,2019-03-27 14:43:00,1,type2
transfer,55646,86023,5806795,2019-04-02 13:38:00,1,type2
transfer,86023,65468,5806795,2019-04-11 15:11:00,1,type2
transfer,65468,70267,5806795,2019-04-13 11:27:00,1,type2
transfer,70267,93794,5806795,2019-05-02 14:55:00,1,type2
transfer,93794,98765,5806795,2019-05-25 15:42:00,1,type2
transfer,98765,75873,5806795,2019-06-12 10:48:00,1,type2
transfer,75873,57428,5806795,2019-06-14 10:35:00,1,type2
transfer,57428,55403,5806795,2019-06-17 10:55:00,1,type2
transfer,55403,21474,5806795,2019-06-18 09:35:00,1,type2
transfer,21474,47698,5806795,2019-07-13 09:28:00,1,type2
transfer,47698,82632,5806795,2019-07-19 09:05:00,1,type2
transfer,21697,31137,6738027,2019-02-26 14:45:00,1,type2
transfer,31137,57938,6738027,2019-03-18 08:38:00,1,type2
transfer,57938,41703,6738027,2019-03-19 09:32:00,1,type2
transfer,41703,46047,6738027,2019-03-21 14:55:00,1,type2
transfer,46047,74994,6738027,2019-04-19 10:06:00,1,type2
transfer,74994,23866,6738027,2019-04-22 15:16:00,1,type2
transfer,23866,91137,6738027,2019-05-04 12:41:00,1,type2
transfer,91137,12080,6738027,2019-05-15 09:16:00,1,type2
transfer,12080,67573,6738027,2019-05-16 15:31:00,1,type2
transfer,67573,21941,6738027,2019-05-19 10:58:00,1,type2
transfer,21941,76094,6738027,2019-05-20 13:38:00,1,type2
transfer,76094,78341,6738027,2019-05-23 09:12:00,1,type2
transfer,78341,81126,6738027,2019-06-08 15:27:00,1,type2
transfer,81126,2720,6738027,2019-06-17 08:20:00,1,type2
transfer,2720,12602,6738027,2019-07-05 15:33:00,1,type2
transfer,12602,39850,6738027,2019-07-08 11:56:00,1,type2
transfer,39850,12122,6738027,2019-07-08 13:59:00,1,type2
transfer,13911,92420,7525659,2019-02-23 10:50:00,1,type2
transfer,92420,31871,7525659,2019-02-26 08:12:00,1,type2
transfer,31871,861,7525659,2019-04-01 10:03:00,1,type2
transfer,861,56503,7525659,2019-04-05 11:06:00,1,type2
transfer,56503,12445,7525659,2019-04-23 08:57:00,1,type2
transfer,12445,97343,7525659,2019-04-29 13:08:00,1,type2
transfer,97343,12363,7525659,2019-05-01 10:42:00,1,type2
transfer,12363,60363,7525659,2019-05-04 14:37:00,1,type2
transfer,60363,29297,7525659,2019-05-08 14:20:00,1,type2
transfer,29297,27522,7525659,2019-06-02 14:43:00,1,type2
transfer,27522,59201,7525659,2019-06-10 15:37:00,1,type2
transfer,59201,38897,7525659,2019-06-19 11:48:00,1,type2
transfer,38897,24193,7525659,2019-06-26 13:08:00,1,type2
transfer,24193,31031,7525659,2019-07-09 13:56:00,1,type2
transfer,31031,51196,7525659,2019-07-15 14:30:00,1,type2
transfer,51196,92222,7525659,2019-07-16 10:03:00,1,type2
transfer,92222,78300,7525659,2019-07-19 10:34:00,1,type2
transfer,3508,28046,328814,2019-05-01 10:40:00,1,type3
transfer,13772,28046,328814,2019-06-23 10:37:00,1,type3
transfer,75661,28046,328814,2019-03-21 10:48:00,1,type3
transfer,46526,28046,328814,2019-05-31 10:04:00,1,type3
transfer,34227,28046,328814,2019-05-11 12:32:00,1,type3
transfer,3714,28046,328814,2019-06-08 08:47:00,1,type3
transfer,2658,28046,328814,2019-04-30 09:16:00,1,type3
transfer,8221,28046,328814,2019-06-27 08:53:00,1,type3
transfer,23177,28046,328814,2019-03-23 15:04:00,1,type3
transfer,6847,28046,328814,2019-03-31 13:29:00,1,type3
transfer,70416,28046,328814,2019-07-01 08:54:00,1,type3
transfer,67248,28046,328814,2019-05-22 08:29:00,1,type3
transfer,93447,28046,328814,2019-04-03 09:16:00,1,type3
transfer,45366,28046,328814,2019-03-08 10:52:00,1,type3
transfer,91907,28046,328814,2019-03-22 11:27:00,1,type3
transfer,89933,28046,328814,2019-05-25 12:32:00,1,type3
transfer,48369,28046,328814,2019-03-02 09:54:00,1,type3
transfer,26481,28046,328815,2019-04-12 10:15:00,1,type3
transfer,82518,28046,328815,2019-03-10 08:12:00,1,type3
transfer,87410,90946,222031,2019-07-08 08:34:00,1,type3
transfer,63097,90946,222031,2019-06-12 12:50:00,1,type3
transfer,66494,90946,222031,2019-07-10 09:41:00,1,type3
transfer,18860,90946,222031,2019-06-15 15:10:00,1,type3
transfer,77175,90946,222032,2019-03-26 08:54:00,1,type3
transfer,20337,90946,222032,2019-04-27 09:13:00,1,type3
transfer,91453,90946,222032,2019-06-05 09:57:00,1,type3
transfer,50842,90946,222032,2019-03-27 13:38:00,1,type3
transfer,92791,90946,222032,2019-04-23 15:11:00,1,type3
transfer,13618,90946,222032,2019-05-02 11:13:00,1,type3
transfer,54048,90946,222032,2019-04-24 14:48:00,1,type3
transfer,83487,90946,222032,2019-02-22 11:15:00,1,type3
transfer,23289,90946,222032,2019-03-20 15:16:00,1,type3
transfer,1133,90946,222032,2019-05-12 09:30:00,1,type3
transfer,24249,90946,222032,2019-05-19 10:12:00,1,type3
transfer,16422,90946,222032,2019-05-24 14:38:00,1,type3
transfer,82454,90946,222032,2019-05-11 15:11:00,1,type3
transfer,23803,90946,222032,2019-05-14 08:05:00,1,type3
transfer,19584,90946,222032,2019-04-25 13:16:00,1,type3
transfer,67950,90946,222032,2019-06-20 08:47:00,1,type3
transfer,34685,90946,222032,2019-05-16 11:23:00,1,type3
transfer,98981,90946,222032,2019-04-02 15:34:00,1,type3
transfer,17988,90946,222032,2019-07-12 12:48:00,1,type3
transfer,185,6477,518689,2019-02-24 13:49:00,1,type3
transfer,58026,6477,518689,2019-04-21 10:23:00,1,type3
transfer,73371,6477,518689,2019-03-12 12:05:00,1,type3
transfer,64845,6477,518689,2019-02-26 13:27:00,1,type3
transfer,58869,6477,518689,2019-04-10 13:05:00,1,type3
transfer,78041,6477,518689,2019-05-08 10:33:00,1,type3
transfer,8400,6477,518689,2019-04-19 12:19:00,1,type3
transfer,3361,6477,518689,2019-03-13 08:47:00,1,type3
transfer,94130,6477,518689,2019-06-03 11:35:00,1,type3
transfer,47205,6477,518689,2019-04-16 11:43:00,1,type3
transfer,23636,6477,518689,2019-05-02 13:07:00,1,type3
transfer,19626,6477,518689,2019-03-08 09:20:00,1,type3
transfer,14656,6477,518690,2019-07-04 12:56:00,1,type3
transfer,46307,6477,518690,2019-04-13 15:22:00,1,type3
transfer,26783,6477,518690,2019-05-15 10:50:00,1,type3
transfer,77238,61346,288350,2019-03-18 08:31:00,1,type3
transfer,33443,61346,288350,2019-03-30 09:35:00,1,type3
transfer,3092,61346,288350,2019-03-11 13:14:00,1,type3
transfer,38007,61346,288350,2019-05-27 15:16:00,1,type3
transfer,23784,61346,288350,2019-06-24 12:13:00,1,type3
transfer,46627,61346,288350,2019-03-07 08:14:00,1,type3
transfer,88916,61346,288350,2019-05-08 14:10:00,1,type3
transfer,86756,61346,288350,2019-06-10 15:14:00,1,type3
transfer,64716,61346,288350,2019-07-19 15:56:00,1,type3
transfer,84051,61346,288350,2019-05-14 11:49:00,1,type3
transfer,82508,61346,288350,2019-03-17 10:51:00,1,type3
transfer,61286,61346,288350,2019-05-04 14:59:00,1,type3
transfer,99179,61346,288350,2019-05-30 13:05:00,1,type3
transfer,20814,61346,288350,2019-05-11 13:12:00,1,type3
transfer,19682,61346,288350,2019-07-14 09:33:00,1,type3
transfer,52890,61346,288350,2019-02-20 10:23:00,1,type3
transfer,53113,61346,288350,2019-06-29 12:42:00,1,type3
transfer,98174,61346,288350,2019-05-26 08:00:00,1,type3
transfer,53589,61346,288350,2019-03-31 09:41:00,1,type3
transfer,20451,61346,288350,2019-07-14 15:22:00,1,type3
transfer,19833,61346,288351,2019-06-08 09:57:00,1,type3
transfer,33427,61346,288351,2019-03-12 12:25:00,1,type3
transfer,7181,61346,288351,2019-03-03 08:07:00,1,type3
transfer,92983,61346,288351,2019-04-13 15:08:00,1,type3
transfer,68789,18165,1342478,2019-04-04 12:21:00,1,type3
transfer,21067,18165,1342478,2019-04-13 15:54:00,1,type3
transfer,65809,18165,1342478,2019-06-02 14:54:00,1,type3
transfer,83145,18165,1342479,2019-06-21 11:27:00,1,type3
transfer,25563,9987,652281,2019-05-06 15:59:00,1,type3
transfer,86657,9987,652281,2019-05-31 15:42:00,1,type3
transfer,78922,9987,652281,2019-05-01 12:06:00,1,type3
transfer,91710,9987,652281,2019-04-14 12:06:00,1,type3
transfer,98646,9987,652281,2019-06-26 11:52:00,1,type3
transfer,70703,9987,652281,2019-02-27 10:22:00,1,type3
transfer,87579,9987,652281,2019-06-15 08:41:00,1,type3
transfer,4387,9987,652281,2019-04-25 15:01:00,1,type3
transfer,89776,9987,652281,2019-04-14 15:48:00,1,type3
transfer,5908,9987,652281,2019-05-17 08:48:00,1,type3
transfer,43528,9987,652282,2019-06-25 13:32:00,1,type3
transfer,76945,59470,335914,2019-05-24 08:38:00,1,type3
transfer,64186,59470,335914,2019-05-11 11:18:00,1,type3
transfer,863,59470,335914,2019-07-10 15:04:00,1,type3
transfer,49822,59470,335914,2019-03-26 10:02:00,1,type3
transfer,19706,59470,335914,2019-07-06 09:38:00,1,type3
transfer,21777,59470,335914,2019-05-12 09:55:00,1,type3
transfer,38586,59470,335914,2019-06-02 14:38:00,1,type3
transfer,65014,59470,335914,2019-06-07 11:45:00,1,type3
transfer,4862,59470,335914,2019-03-02 12:18:00,1,type3
transfer,65944,59470,335914,2019-03-19 11:03:00,1,type3
transfer,10011,59470,335914,2019-06-21 15:49:00,1,type3
transfer,1916,59470,335914,2019-05-30 13:22:00,1,type3
transfer,37651,59470,335915,2019-05-22 09:41:00,1,type3
transfer,91064,59470,335915,2019-07-04 15:06:00,1,type3
transfer,49879,59470,335915,2019-06-29 12:27:00,1,type3
transfer,88336,59470,335915,2019-07-11 09:58:00,1,type3
transfer,77247,59470,335915,2019-03-23 08:30:00,1,type3
transfer,13183,59470,335915,2019-05-30 14:52:00,1,type3
transfer,11647,59470,335915,2019-07-06 11:53:00,1,type3
transfer,46359,59470,335915,2019-06-08 11:49:00,1,type3
transfer,41405,59470,335915,2019-04-07 10:17:00,1,type3
transfer,26097,59470,335915,2019-04-06 11:41:00,1,type3
transfer,69397,59470,335915,2019-03-15 08:41:00,1,type3
transfer,35866,35270,335248,2019-07-04 11:00:00,1,type3
transfer,38833,35270,335248,2019-07-13 10:15:00,1,type3
transfer,10607,35270,335248,2019-04-07 12:26:00,1,type3
transfer,27119,35270,335248,2019-06-12 14:13:00,1,type3
transfer,15486,35270,335248,2019-06-22 14:42:00,1,type3
transfer,45257,35270,335248,2019-06-29 13:41:00,1,type3
transfer,51984,35270,335249,2019-07-05 14:10:00,1,type3
transfer,55321,35270,335249,2019-03-20 11:07:00,1,type3
transfer,25847,35270,335249,2019-02-28 10:19:00,1,type3
transfer,74350,35270,335249,2019-05-20 14:06:00,1,type3
transfer,45645,35270,335249,2019-06-06 09:41:00,1,type3
transfer,26144,35270,335249,2019-04-30 15:08:00,1,type3
transfer,195,35270,335249,2019-06-19 15:16:00,1,type3
transfer,67040,35270,335249,2019-05-04 09:58:00,1,type3
transfer,10681,35270,335249,2019-03-22 12:17:00,1,type3
transfer,67565,35270,335249,2019-07-12 13:18:00,1,type3
transfer,91877,35270,335249,2019-05-19 10:36:00,1,type3
transfer,41461,35270,335249,2019-07-07 15:51:00,1,type3
transfer,68821,35270,335249,2019-05-08 13:25:00,1,type3
transfer,80604,35270,335249,2019-05-28 09:26:00,1,type3
transfer,75203,35270,335249,2019-04-27 08:28:00,1,type3
transfer,80621,35270,335249,2019-02-25 08:02:00,1,type3
transfer,14648,3329,422087,2019-03-29 08:44:00,1,type3
transfer,33004,3329,422087,2019-05-20 08:29:00,1,type3
transfer,83005,3329,422087,2019-07-18 08:02:00,1,type3
transfer,91170,3329,422087,2019-04-24 09:30:00,1,type3
transfer,90598,3329,422087,2019-05-27 08:48:00,1,type3
transfer,45283,3329,422087,2019-03-28 12:45:00,1,type3
transfer,99667,3329,422087,2019-06-06 15:14:00,1,type3
transfer,43452,3329,422087,2019-05-11 11:05:00,1,type3
transfer,4089,3329,422087,2019-05-06 11:35:00,1,type3
transfer,54477,3329,422088,2019-05-01 12:28:00,1,type3
transfer,43041,3329,422088,2019-05-13 12:31:00,1,type3
transfer,56477,3329,422088,2019-05-16 08:47:00,1,type3
transfer,95692,3329,422088,2019-04-18 11:18:00,1,type3
transfer,34586,3329,422088,2019-02-23 08:17:00,1,type3
transfer,5927,78494,671096,2019-06-18 09:52:00,1,type3
transfer,26735,78494,671096,2019-07-10 09:21:00,1,type3
transfer,91357,78494,671096,2019-05-21 14:43:00,1,type3
transfer,2855,78494,671096,2019-03-19 11:05:00,1,type3
transfer,5964,78494,671096,2019-04-19 09:53:00,1,type3
transfer,97813,78494,671096,2019-07-07 13:46:00,1,type3
transfer,59819,78494,671096,2019-07-02 12:17:00,1,type3
transfer,14528,78494,671097,2019-04-21 10:01:00,1,type3
transfer,2289,78494,671097,2019-05-21 13:00:00,1,type3
transfer,86267,78494,671097,2019-06-13 13:56:00,1,type3
transfer,88642,78494,671097,2019-02-22 10:00:00,1,type3
transfer,8130,14943,525626,2019-05-04 09:38:00,1,type3
transfer,21197,14943,525626,2019-03-16 10:01:00,1,type3
transfer,19621,14943,525626,2019-06-04 09:50:00,1,type3
transfer,42723,14943,525627,2019-07-06 10:25:00,1,type3
transfer,79857,14943,525627,2019-03-06 09:11:00,1,type3
transfer,60514,14943,525627,2019-05-22 13:06:00,1,type3
transfer,44454,14943,525627,2019-06-22 11:29:00,1,type3
transfer,60370,14943,525627,2019-07-09 15:33:00,1,type3
transfer,2064,14943,525627,2019-04-09 10:29:00,1,type3
transfer,62418,14943,525627,2019-06-05 11:55:00,1,type3
transfer,11340,14943,525627,2019-07-01 09:37:00,1,type3
transfer,27771,14943,525627,2019-03-18 12:52:00,1,type3
transfer,18220,14943,525627,2019-05-02 09:36:00,1,type3
transfer,74485,14943,525627,2019-04-24 14:01:00,1,type3
transfer,6709,83988,268781,2019-06-19 09:22:00,1,type3
transfer,17928,83988,268781,2019-03-11 11:37:00,1,type3
transfer,27234,83988,268781,2019-03-31 10:50:00,1,type3
transfer,89991,83988,268781,2019-06-20 09:21:00,1,type3
transfer,56885,83988,268781,2019-05-06 12:14:00,1,type3
transfer,6762,83988,268781,2019-05-05 08:47:00,1,type3
transfer,18238,83988,268782,2019-05-21 09:15:00,1,type3
transfer,86712,83988,268782,2019-07-06 13:29:00,1,type3
transfer,45183,83988,268782,2019-04-16 12:17:00,1,type3
transfer,76123,83988,268782,2019-04-22 08:21:00,1,type3
transfer,17617,83988,268782,2019-03-31 13:41:00,1,type3
transfer,72998,83988,268782,2019-04-02 14:49:00,1,type3
transfer,52661,83988,268782,2019-05-17 13:16:00,1,type3
transfer,50574,83988,268782,2019-04-18 09:34:00,1,type3
transfer,18529,83988,268782,2019-02-26 09:56:00,1,type3
transfer,2266,83988,268782,2019-03-23 09:25:00,1,type3
transfer,48134,83988,268782,2019-07-20 13:11:00,1,type3
transfer,6754,83988,268782,2019-03-22 13:19:00,1,type3
transfer,11196,83988,268782,2019-04-15 10:15:00,1,type3
transfer,53924,83988,268782,2019-04-18 15:01:00,1,type3
transfer,58557,83988,268782,2019-05-28 11:02:00,1,type3
transfer,54418,83988,268782,2019-04-30 08:40:00,1,type3
transfer,39837,83988,268782,2019-03-03 10:06:00,1,type3
transfer,69085,83988,268782,2019-05-19 12:30:00,1,type3
transfer,13790,78030,594522,2019-04-23 10:09:00,1,type3
transfer,70749,78030,594522,2019-04-11 09:41:00,1,type3
transfer,12655,78030,594522,2019-07-20 09:23:00,1,type3
transfer,71215,78030,594523,2019-05-28 14:47:00,1,type3
transfer,20874,78030,594523,2019-05-26 14:03:00,1,type3
transfer,6547,78030,594523,2019-04-14 08:44:00,1,type3
transfer,71529,78030,594523,2019-04-19 11:55:00,1,type3
transfer,13685,78030,594523,2019-04-02 10:35:00,1,type3
transfer,82303,78030,594523,2019-05-09 08:20:00,1,type3
transfer,27636,78030,594523,2019-03-18 14:55:00,1,type3
transfer,97550,78030,594523,2019-04-16 14:25:00,1,type3
transfer,48013,78030,594523,2019-06-30 15:12:00,1,type3
transfer,66456,31163,363045,2019-06-16 09:08:00,1,type3
transfer,61774,31163,363046,2019-03-31 09:14:00,1,type3
transfer,34552,31163,363046,2019-07-11 10:44:00,1,type3
transfer,94982,31163,363046,2019-05-09 15:25:00,1,type3
transfer,65081,31163,363046,2019-04-20 11:06:00,1,type3
transfer,5217,31163,363046,2019-05-24 15:43:00,1,type3
transfer,25790,31163,363046,2019-06-27 11:34:00,1,type3
transfer,81191,31163,363046,2019-06-27 13:16:00,1,type3
transfer,57980,31163,363046,2019-04-12 08:21:00,1,type3
transfer,31598,31163,363046,2019-04-01 09:34:00,1,type3
transfer,37806,31163,363046,2019-05-10 08:30:00,1,type3
transfer,73783,31163,363046,2019-06-10 12:06:00,1,type3
transfer,91324,31163,363046,2019-04-21 09:37:00,1,type3
transfer,38932,31163,363046,2019-04-21 15:17:00,1,type3
transfer,52383,31163,363046,2019-06-04 09:34:00,1,type3
transfer,30335,31163,363046,2019-03-20 10:48:00,1,type3
transfer,87057,31163,363046,2019-06-22 15:47:00,1,type3
transfer,59658,31163,363046,2019-03-02 15:32:00,1,type3
transfer,62857,94670,376890,2019-03-28 14:19:00,1,type3
transfer,50560,94670,376890,2019-05-10 13:10:00,1,type3
transfer,78834,94670,376890,2019-06-17 10:18:00,1,type3
transfer,93386,94670,376890,2019-03-02 13:31:00,1,type3
transfer,24207,94670,376890,2019-04-20 11:04:00,1,type3
transfer,40873,94670,376890,2019-04-26 14:16:00,1,type3
transfer,52083,94670,376890,2019-05-02 11:37:00,1,type3
transfer,83080,94670,376890,2019-05-03 12:36:00,1,type3
transfer,80596,94670,376890,2019-05-30 13:51:00,1,type3
transfer,84618,94670,376890,2019-04-17 15:57:00,1,type3
transfer,572,94670,376890,2019-05-10 12:31:00,1,type3
transfer,54587,94670,376890,2019-05-30 14:26:00,1,type3
transfer,52697,94670,376890,2019-03-25 09:29:00,1,type3
transfer,56626,94670,376890,2019-03-07 08:18:00,1,type3
transfer,98788,94670,376891,2019-07-02 11:28:00,1,type3
transfer,44299,94670,376891,2019-06-05 14:31:00,1,type3
transfer,82471,77952,288956,2019-05-10 10:53:00,1,type3
transfer,7637,77952,288956,2019-03-21 10:42:00,1,type3
transfer,39500,77952,288956,2019-05-07 09:49:00,1,type3
transfer,42776,77952,288956,2019-02-24 14:16:00,1,type3
transfer,75872,77952,288956,2019-03-27 14:55:00,1,type3
transfer,93198,77952,288956,2019-07-05 09:28:00,1,type3
transfer,97709,77952,288956,2019-02-28 14:44:00,1,type3
transfer,22992,77952,288956,2019-03-29 09:52:00,1,type3
transfer,98881,77952,288956,2019-04-11 13:22:00,1,type3
transfer,71324,77952,288956,2019-04-05 12:07:00,1,type3
transfer,1126,77952,288956,2019-06-17 10:49:00,1,type3
transfer,51853,77952,288956,2019-05-17 12:44:00,1,type3
transfer,60346,77952,288956,2019-06-09 15:12:00,1,type3
transfer,89733,77952,288956,2019-07-12 14:26:00,1,type3
transfer,56678,77952,288956,2019-04-14 09:52:00,1,type3
transfer,33236,77952,288956,2019-06-21 12:06:00,1,type3
transfer,40198,77952,288956,2019-05-13 09:40:00,1,type3
transfer,9287,77952,288956,2019-04-13 11:08:00,1,type3
transfer,1549,77952,288956,2019-03-22 11:58:00,1,type3
transfer,35428,77952,288957,2019-04-23 10:20:00,1,type3
transfer,71059,77952,288957,2019-02-28 12:16:00,1,type3
transfer,51016,77952,288957,2019-05-23 10:03:00,1,type3
transfer,41568,77952,288957,2019-06-18 14:04:00,1,type3
transfer,16346,77952,288957,2019-03-27 11:16:00,1,type3
transfer,75319,77952,288957,2019-07-11 14:01:00,1,type3
transfer,50625,77952,288957,2019-04-24 08:19:00,1,type3
transfer,75610,89131,349000,2019-04-07 08:51:00,1,type3
transfer,42988,89131,349000,2019-06-30 08:52:00,1,type3
transfer,99078,89131,349000,2019-02-27 13:22:00,1,type3
transfer,86998,89131,349000,2019-03-22 15:27:00,1,type3
transfer,23147,89131,349000,2019-03-05 13:02:00,1,type3
transfer,77645,89131,349000,2019-03-08 15:40:00,1,type3
transfer,35651,89131,349000,2019-04-30 11:45:00,1,type3
transfer,3854,89131,349001,2019-05-17 10:36:00,1,type3
transfer,4443,89131,349001,2019-04-22 09:58:00,1,type3
transfer,58609,89131,349001,2019-05-15 14:45:00,1,type3
transfer,9735,89131,349001,2019-03-29 08:39:00,1,type3
transfer,43663,89131,349001,2019-03-01 14:24:00,1,type3
transfer,66349,89131,349001,2019-05-01 12:48:00,1,type3
transfer,23161,89131,349001,2019-05-11 09:07:00,1,type3
transfer,26248,89131,349001,2019-03-03 08:04:00,1,type3
transfer,59605,89131,349001,2019-04-07 09:59:00,1,type3
transfer,98642,89131,349001,2019-07-18 08:38:00,1,type3
transfer,93778,89131,349001,2019-04-11 10:04:00,1,type3
transfer,88746,89131,349001,2019-04-03 08:01:00,1,type3
transfer,75054,89131,349001,2019-05-13 09:33:00,1,type3
transfer,53219,86903,215499,2019-07-10 10:44:00,1,type3
transfer,50275,86903,215499,2019-06-12 08:17:00,1,type3
transfer,46184,86903,215499,2019-04-24 11:04:00,1,type3
transfer,78804,86903,215499,2019-05-11 12:19:00,1,type3
transfer,18690,86903,215499,2019-03-21 15:21:00,1,type3
transfer,46802,86903,215499,2019-05-25 12:41:00,1,type3
transfer,22049,86903,215499,2019-06-24 11:37:00,1,type3
transfer,85286,86903,215499,2019-06-15 12:33:00,1,type3
transfer,67817,86903,215499,2019-03-16 14:45:00,1,type3
transfer,51273,86903,215499,2019-02-25 10:36:00,1,type3
transfer,23801,86903,215499,2019-05-11 09:51:00,1,type3
transfer,63314,86903,215499,2019-05-27 11:25:00,1,type3
transfer,78644,86903,215499,2019-03-28 08:16:00,1,type3
transfer,79739,86903,215499,2019-05-31 10:15:00,1,type3
transfer,35926,86903,215499,2019-03-05 13:09:00,1,type3
transfer,86344,86903,215499,2019-05-30 11:24:00,1,type3
transfer,66835,86903,215499,2019-03-28 11:43:00,1,type3
transfer,10404,86903,215499,2019-05-31 11:14:00,1,type3
transfer,47413,86903,215499,2019-04-27 12:55:00,1,type3
transfer,100000,86903,215499,2019-06-30 13:54:00,1,type3
transfer,4348,86903,215500,2019-07-11 13:10:00,1,type3
transfer,2486,86903,215500,2019-03-13 13:27:00,1,type3
transfer,75059,86903,215500,2019-03-04 09:22:00,1,type3
transfer,21067,86903,215500,2019-03-25 14:14:00,1,type3
transfer,25848,86903,215500,2019-07-12 08:38:00,1,type3
transfer,81680,86903,215500,2019-06-26 12:42:00,1,type3
transfer,55920,86903,215500,2019-06-01 09:27:00,1,type3
transfer,6285,18941,386525,2019-07-01 14:29:00,1,type3
transfer,52830,18941,386525,2019-06-28 14:39:00,1,type3
transfer,29188,18941,386526,2019-05-13 14:39:00,1,type3
transfer,31821,18941,386526,2019-04-10 08:45:00,1,type3
transfer,67272,18941,386526,2019-03-17 11:51:00,1,type3
transfer,59142,18941,386526,2019-03-02 12:17:00,1,type3
transfer,88826,18941,386526,2019-05-06 08:03:00,1,type3
transfer,11058,18941,386526,2019-04-24 08:03:00,1,type3
transfer,21206,18941,386526,2019-04-02 15:35:00,1,type3
transfer,34047,18941,386526,2019-07-01 11:18:00,1,type3
transfer,45667,18941,386526,2019-03-24 09:08:00,1,type3
transfer,87623,18941,386526,2019-03-13 14:00:00,1,type3
transfer,87578,18941,386526,2019-04-25 10:13:00,1,type3
transfer,62587,18941,386526,2019-05-26 12:21:00,1,type3
transfer,51916,18941,386526,2019-03-25 11:42:00,1,type3
transfer,66755,18941,386526,2019-04-18 11:23:00,1,type3
transfer,37661,18941,386526,2019-06-05 08:13:00,1,type3
transfer,83585,18941,386526,2019-04-29 15:03:00,1,type3
transfer,71048,18941,386526,2019-07-09 09:02:00,1,type3
transfer,79112,18941,386526,2019-04-30 08:05:00,1,type3
transfer,9373,86839,478195,2019-03-10 15:34:00,1,type3
transfer,85972,86839,478195,2019-04-10 11:24:00,1,type3
transfer,65676,86839,478195,2019-03-09 11:16:00,1,type3
transfer,95970,86839,478195,2019-07-14 13:36:00,1,type3
transfer,43742,86839,478195,2019-06-08 11:33:00,1,type3
transfer,68061,86839,478195,2019-06-10 11:58:00,1,type3
transfer,43372,86839,478195,2019-04-02 11:53:00,1,type3
transfer,23506,86839,478195,2019-07-19 10:44:00,1,type3
transfer,75295,86839,478195,2019-02-24 09:35:00,1,type3
transfer,44499,86839,478195,2019-03-17 14:55:00,1,type3
transfer,26220,86839,478195,2019-04-30 09:01:00,1,type3
transfer,239,86839,478195,2019-07-04 15:42:00,1,type3
transfer,58473,86839,478195,2019-06-06 12:00:00,1,type3
transfer,46161,86839,478195,2019-06-19 11:09:00,1,type3
transfer,17130,86839,478195,2019-02-22 13:09:00,1,type3
transfer,59524,86839,478196,2019-06-18 08:45:00,1,type3
transfer,89495,42168,226478,2019-06-02 08:21:00,1,type3
transfer,70669,42168,226479,2019-07-18 15:54:00,1,type3
transfer,4474,42168,226479,2019-05-25 12:39:00,1,type3
transfer,80584,42168,226479,2019-03-27 08:18:00,1,type3
transfer,84640,42168,226479,2019-05-26 10:19:00,1,type3
transfer,32144,42168,226479,2019-03-09 09:15:00,1,type3
transfer,5185,42168,226479,2019-06-28 09:10:00,1,type3
transfer,70960,42168,226479,2019-05-25 09:51:00,1,type3
transfer,14355,42168,226479,2019-03-23 15:48:00,1,type3
transfer,52112,42168,226479,2019-04-04 09:46:00,1,type3
transfer,5128,42168,226479,2019-04-13 15:37:00,1,type3
transfer,73501,42168,226479,2019-03-09 09:40:00,1,type3
transfer,9232,42168,226479,2019-04-15 13:48:00,1,type3
transfer,226,42168,226479,2019-05-06 14:14:00,1,type3
transfer,10195,42168,226479,2019-07-15 11:23:00,1,type3
transfer,49635,42168,226479,2019-03-31 14:14:00,1,type3
transfer,71600,42168,226479,2019-03-12 13:52:00,1,type3
transfer,47522,42168,226479,2019-03-11 14:34:00,1,type3
transfer,78150,42168,226479,2019-04-27 09:13:00,1,type3
transfer,59800,42168,226479,2019-05-17 11:19:00,1,type3
transfer,6953,42168,226479,2019-07-02 11:02:00,1,type3
transfer,26096,42168,226479,2019-06-06 08:52:00,1,type3
transfer,33510,42168,226479,2019-07-15 09:37:00,1,type3
transfer,67834,42168,226479,2019-03-13 12:38:00,1,type3
transfer,12431,42168,226479,2019-06-08 08:39:00,1,type3
transfer,14309,42168,226479,2019-04-22 13:16:00,1,type3
transfer,73320,42168,226479,2019-03-08 15:17:00,1,type3
transfer,53121,42168,226479,2019-06-18 08:12:00,1,type3
transfer,3821,73055,361845,2019-02-26 15:02:00,1,type3
transfer,89816,73055,361845,2019-06-27 13:54:00,1,type3
transfer,81540,73055,361845,2019-04-30 11:35:00,1,type3
transfer,10402,73055,361845,2019-06-03 10:21:00,1,type3
transfer,36990,73055,361845,2019-04-11 13:30:00,1,type3
transfer,63802,73055,361845,2019-04-29 09:25:00,1,type3
transfer,23082,73055,361845,2019-06-06 10:31:00,1,type3
transfer,11910,73055,361845,2019-04-21 15:40:00,1,type3
transfer,99260,73055,361845,2019-04-01 12:29:00,1,type3
transfer,12887,73055,361845,2019-06-18 10:14:00,1,type3
transfer,81705,73055,361845,2019-04-29 15:08:00,1,type3
transfer,40037,73055,361845,2019-03-07 11:41:00,1,type3
transfer,52430,73055,361845,2019-04-26 14:28:00,1,type3
transfer,26886,73055,361845,2019-03-08 10:07:00,1,type3
transfer,30057,73055,361846,2019-04-23 10:10:00,1,type3
transfer,97808,73055,361846,2019-04-11 12:42:00,1,type3
transfer,57246,73055,361846,2019-07-16 09:45:00,1,type3
transfer,63442,73055,361846,2019-04-03 13:21:00,1,type3
transfer,28552,73055,361846,2019-06-19 14:15:00,1,type3
transfer,90899,73055,361846,2019-03-30 10:34:00,1,type3
transfer,77466,73055,361846,2019-05-16 10:47:00,1,type3
transfer,97143,42594,2011892,2019-07-04 09:55:00,1,type3
transfer,99212,42594,2011892,2019-03-10 10:20:00,1,type3
transfer,14095,42594,2011893,2019-05-04 15:16:00,1,type3
transfer,8956,51149,316128,2019-07-15 09:50:00,1,type3
transfer,23219,51149,316128,2019-04-30 10:34:00,1,type3
transfer,16917,51149,316128,2019-04-25 12:59:00,1,type3
transfer,42439,51149,316128,2019-04-11 11:05:00,1,type3
transfer,2896,51149,316128,2019-05-28 14:53:00,1,type3
transfer,68239,51149,316128,2019-04-11 10:06:00,1,type3
transfer,3529,51149,316128,2019-05-05 08:53:00,1,type3
transfer,65351,51149,316129,2019-04-29 12:47:00,1,type3
transfer,246,51149,316129,2019-05-19 14:34:00,1,type3
transfer,8822,51149,316129,2019-07-09 14:32:00,1,type3
transfer,41031,51149,316129,2019-05-12 13:02:00,1,type3
transfer,6120,51149,316129,2019-06-29 08:26:00,1,type3
transfer,22046,51149,316129,2019-05-08 12:33:00,1,type3
transfer,46198,51149,316129,2019-05-11 12:19:00,1,type3
transfer,19397,51149,316129,2019-06-30 10:59:00,1,type3
transfer,1650,51149,316129,2019-04-20 11:57:00,1,type3
transfer,12013,51149,316129,2019-06-15 10:36:00,1,type3
transfer,4530,51149,316129,2019-04-20 12:24:00,1,type3
transfer,46889,51149,316129,2019-05-07 11:41:00,1,type3
transfer,26364,51149,316129,2019-06-29 12:03:00,1,type3
transfer,48021,51149,316129,2019-04-02 08:51:00,1,type3
transfer,40267,51149,316129,2019-03-19 11:25:00,1,type3
transfer,15746,83790,274712,2019-06-07 09:20:00,1,type3
transfer,15100,83790,274712,2019-04-17 15:23:00,1,type3
transfer,58428,83790,274712,2019-06-26 11:15:00,1,type3
transfer,61733,83790,274712,2019-05-26 09:22:00,1,type3
transfer,85462,83790,274713,2019-05-29 14:44:00,1,type3
transfer,6281,83790,274713,2019-06-22 13:06:00,1,type3
transfer,26416,83790,274713,2019-04-06 11:01:00,1,type3
transfer,49391,83790,274713,2019-03-06 09:56:00,1,type3
transfer,63679,83790,274713,2019-06-06 09:18:00,1,type3
transfer,56410,83790,274713,2019-03-09 12:23:00,1,type3
transfer,9277,83790,274713,2019-02-27 11:19:00,1,type3
transfer,29754,83790,274713,2019-07-14 08:06:00,1,type3
transfer,26579,83790,274713,2019-04-10 09:49:00,1,type3
transfer,26448,83790,274713,2019-03-25 09:38:00,1,type3
transfer,8654,83790,274713,2019-05-01 12:45:00,1,type3
transfer,52096,83790,274713,2019-03-01 08:39:00,1,type3
transfer,99754,83790,274713,2019-05-19 08:56:00,1,type3
transfer,14613,83790,274713,2019-07-09 13:29:00,1,type3
transfer,24405,83790,274713,2019-05-01 08:49:00,1,type3
transfer,20261,83790,274713,2019-03-18 11:50:00,1,type3
transfer,15988,83790,274713,2019-06-05 12:13:00,1,type3
transfer,59891,83790,274713,2019-06-03 10:50:00,1,type3
transfer,78832,83790,274713,2019-04-12 12:43:00,1,type3
transfer,9614,83790,274713,2019-06-08 08:03:00,1,type3
transfer,88290,83790,274713,2019-02-28 09:20:00,1,type3
transfer,77370,83790,274713,2019-05-03 12:08:00,1,type3
transfer,58669,83790,274713,2019-07-11 12:45:00,1,type3
transfer,728,83790,274713,2019-07-08 12:52:00,1,type3
transfer,64353,74713,1310436,2019-06-11 13:00:00,1,type3
transfer,17894,74713,1310436,2019-05-30 09:10:00,1,type3
transfer,40237,74713,1310437,2019-03-18 13:14:00,1,type3
transfer,58854,74713,1310437,2019-03-23 13:54:00,1,type3
transfer,56874,74713,1310437,2019-04-25 11:40:00,1,type3
transfer,52734,74713,1310437,2019-05-06 14:08:00,1,type3
transfer,32713,77508,445248,2019-07-15 13:12:00,1,type3
transfer,71486,77508,445248,2019-06-02 12:17:00,1,type3
transfer,20358,77508,445248,2019-03-26 10:10:00,1,type3
transfer,77549,77508,445248,2019-04-18 14:32:00,1,type3
transfer,92740,77508,445248,2019-06-02 08:33:00,1,type3
transfer,37414,77508,445248,2019-05-22 12:09:00,1,type3
transfer,48631,77508,445248,2019-05-13 14:41:00,1,type3
transfer,58492,77508,445248,2019-04-30 08:44:00,1,type3
transfer,71160,77508,445248,2019-07-03 08:12:00,1,type3
transfer,57896,77508,445249,2019-03-08 09:43:00,1,type3
transfer,22313,77508,445249,2019-07-03 11:52:00,1,type3
transfer,80105,77508,445249,2019-03-17 14:37:00,1,type3
transfer,76977,77508,445249,2019-03-28 13:12:00,1,type3
transfer,90128,77508,445249,2019-04-16 11:45:00,1,type3
transfer,41512,77508,445249,2019-05-23 08:32:00,1,type3
transfer,69445,77508,445249,2019-05-19 14:51:00,1,type3
transfer,99359,77508,445249,2019-04-27 11:21:00,1,type3
transfer,89799,95498,281506,2019-02-25 14:49:00,1,type3
transfer,8439,95498,281506,2019-04-15 08:15:00,1,type3
transfer,60722,95498,281506,2019-06-14 12:06:00,1,type3
transfer,59359,95498,281506,2019-03-06 11:41:00,1,type3
transfer,56249,95498,281506,2019-05-24 09:49:00,1,type3
transfer,60661,95498,281506,2019-07-09 14:26:00,1,type3
transfer,6752,95498,281506,2019-04-03 11:02:00,1,type3
transfer,73912,95498,281506,2019-05-06 15:32:00,1,type3
transfer,65179,95498,281506,2019-02-21 09:47:00,1,type3
transfer,14146,95498,281506,2019-03-11 14:09:00,1,type3
transfer,14092,95498,281506,2019-04-05 12:20:00,1,type3
transfer,862,95498,281506,2019-07-18 09:11:00,1,type3
transfer,28267,95498,281506,2019-04-06 10:56:00,1,type3
transfer,51514,95498,281506,2019-05-31 14:09:00,1,type3
transfer,14126,95498,281506,2019-06-13 09:11:00,1,type3
transfer,53999,95498,281506,2019-03-18 15:11:00,1,type3
transfer,95231,95498,281506,2019-06-11 14:47:00,1,type3
transfer,25156,95498,281506,2019-05-20 10:09:00,1,type3
transfer,95979,95498,281507,2019-03-26 14:40:00,1,type3
transfer,71687,95498,281507,2019-06-11 10:33:00,1,type3
transfer,66923,95498,281507,2019-07-01 13:37:00,1,type3
transfer,5780,95498,281507,2019-04-05 08:54:00,1,type3
transfer,84359,95498,281507,2019-05-17 10:49:00,1,type3
transfer,82135,95498,281507,2019-04-29 15:27:00,1,type3
transfer,15214,95498,281507,2019-03-13 14:05:00,1,type3
transfer,4986,95498,281507,2019-03-03 12:41:00,1,type3
transfer,89938,95498,281507,2019-06-07 14:53:00,1,type3
transfer,55870,17530,1886673,2019-06-23 12:08:00,0,none
transfer,84344,24873,4449948,2019-05-20 15:09:00,0,none
transfer,15530,73375,2389506,2019-05-02 11:23:00,0,none
transfer,97472,62943,4112242,2019-05-26 10:42:00,0,none
transfer,68506,71141,2990897,2019-03-23 12:18:00,0,none
transfer,61071,70912,1623705,2019-02-22 08:50:00,0,none
transfer,58513,31174,1115815,2019-06-05 15:37:00,0,none
transfer,53935,467,1176907,2019-06-25 11:18:00,0,none
transfer,23812,29698,3817906,2019-06-07 13:06:00,0,none
transfer,87748,79291,2627756,2019-02-21 14:29:00,0,none
transfer,20779,61,4697163,2019-03-28 12:07:00,0,none
transfer,15264,83912,160095,2019-05-19 12:47:00,0,none
transfer,63412,62120,2491642,2019-06-25 14:58:00,0,none
transfer,84097,2196,4854963,2019-05-29 12:51:00,0,none
transfer,81456,59191,1825646,2019-05-10 14:35:00,0,none
transfer,50700,46668,2876429,2019-03-11 09:47:00,0,none
transfer,71957,95606,4384402,2019-07-18 12:23:00,0,none
transfer,6711,27336,2188635,2019-03-10 10:30:00,0,none
transfer,21226,88390,3550767,2019-05-16 11:57:00,0,none
transfer,96135,36942,1437053,2019-06-11 10:34:00,0,none
transfer,18124,73026,931666,2019-04-23 11:28:00,0,none
transfer,9107,84347,3295362,2019-03-11 08:52:00,0,none
transfer,71698,81522,3268260,2019-04-01 13:10:00,0,none
transfer,74435,50110,1385304,2019-04-14 08:23:00,0,none
transfer,9309,17700,1299187,2019-05-09 11:38:00,0,none
transfer,99934,55222,3855137,2019-02-21 10:03:00,0,none
transfer,80885,20631,3999274,2019-05-18 09:53:00,0,none
transfer,79612,18098,1368020,2019-06-15 15:12:00,0,none
transfer,11380,80195,3319685,2019-05-16 15:23:00,0,none
transfer,38993,24266,3964183,2019-05-05 08:57:00,0,none
transfer,23477,68698,302294,2019-06-12 08:22:00,0,none
transfer,15048,28135,4260117,2019-07-11 09:51:00,0,none
transfer,40167,31783,3422485,2019-05-18 08:35:00,0,none
transfer,77415,2416,3962262,2019-03-12 14:21:00,0,none
transfer,43430,49910,2292028,2019-07-09 12:12:00,0,none
transfer,13484,62066,4728885,2019-06-24 10:12:00,0,none
transfer,3157,2232,3221883,2019-05-28 08:03:00,0,none
transfer,36891,24642,1755132,2019-05-15 12:19:00,0,none
transfer,65900,2041,1795938,2019-06-18 10:58:00,0,none
transfer,48794,91733,1554429,2019-06-01 15:00:00,0,none
transfer,32130,35633,2652759,2019-02-26 14:52:00,0,none
transfer,83087,49705,1997322,2019-02-25 15:00:00,0,none
transfer,53077,91771,4635498,2019-02-26 11:09:00,0,none
transfer,23263,22251,3008377,2019-03-26 08:09:00,0,none
transfer,26878,41341,1481266,2019-03-26 15:44:00,0,none
transfer,90938,96910,3056990,2019-05-26 11:40:00,0,none
transfer,71595,68262,113273,2019-03-17 10:50:00,0,none
transfer,78082,99950,657559,2019-04-17 10:06:00,0,none
transfer,43068,11108,993567,2019-04-29 10:50:00,0,none
transfer,84823,81869,2746049,2019-05-25 10:25:00,0,none
transfer,91914,5268,2221763,2019-04-21 14:48:00,0,none
transfer,95340,30340,1376091,2019-05-27 08:43:00,0,none
transfer,94692,42723,1269134,2019-03-11 09:28:00,0,none
transfer,83513,37619,434734,2019-03-03 11:07:00,0,none
transfer,24556,1257,367154,2019-07-03 09:54:00,0,none
transfer,46296,31997,4528389,2019-04-13 08:43:00,0,none
transfer,54093,94808,1507304,2019-05-20 14:05:00,0,none
transfer,70732,68026,3099667,2019-03-08 14:39:00,0,none
transfer,69642,67083,325449,2019-05-08 15:01:00,0,none
transfer,89429,22557,1039338,2019-06-16 10:16:00,0,none
transfer,3060,21551,1476902,2019-06-30 15:03:00,0,none
transfer,37534,27881,3258312,2019-06-02 10:51:00,0,none
transfer,69473,8950,2773272,2019-04-25 12:12:00,0,none
transfer,36975,4661,1457880,2019-06-14 11:05:00,0,none
transfer,5083,29168,2683427,2019-03-29 14:14:00,0,none
transfer,45837,41851,3674691,2019-07-01 14:33:00,0,none
transfer,98572,22950,4100385,2019-03-07 14:33:00,0,none
transfer,93267,78811,1971558,2019-04-30 11:24:00,0,none
transfer,18192,33489,2412412,2019-03-17 14:29:00,0,none
transfer,66674,57645,4969582,2019-03-30 14:53:00,0,none
transfer,40374,88225,4484464,2019-05-02 15:35:00,0,none
transfer,38590,13481,1158785,2019-07-12 08:30:00,0,none
transfer,70945,418,4827206,2019-04-08 15:02:00,0,none
transfer,66252,52697,4558464,2019-04-28 12:14:00,0,none
transfer,22766,68084,4396738,2019-04-13 10:01:00,0,none
transfer,90395,68719,4735195,2019-05-03 14:44:00,0,none
transfer,8827,61399,4845403,2019-06-18 14:36:00,0,none
transfer,85406,95093,2405313,2019-03-15 15:27:00,0,none
transfer,68735,17156,4719144,2019-05-21 12:44:00,0,none
transfer,36398,48307,2155695,2019-03-27 15:30:00,0,none
transfer,3985,4055,4432076,2019-03-04 08:22:00,0,none
transfer,28369,14453,1932291,2019-02-23 08:01:00,0,none
transfer,14036,55166,511709,2019-06-17 11:37:00,0,none
transfer,57336,91016,4389484,2019-06-29 10:21:00,0,none
transfer,2106,23641,1688103,2019-04-16 09:18:00,0,none
transfer,95826,47963,3907133,2019-03-10 15:50:00,0,none
transfer,26296,26740,1459806,2019-04-20 09:16:00,0,none
transfer,81479,37507,4170475,2019-06-22 13:53:00,0,none
transfer,99221,17351,3655434,2019-02-28 08:14:00,0,none
transfer,48799,89984,4333353,2019-06-23 15:15:00,0,none
transfer,88901,40556,3488409,2019-05-12 15:40:00,0,none
transfer,15766,34294,4707675,2019-02-28 13:44:00,0,none
transfer,75678,68698,1479723,2019-05-21 10:33:00,0,none
transfer,71803,68468,1384956,2019-04-07 11:59:00,0,none
transfer,4819,73913,2171650,2019-07-05 10:06:00,0,none
transfer,63810,2842,4995108,2019-05-21 09:29:00,0,none
transfer,23069,3828,2348784,2019-04-28 08:19:00,0,none
transfer,74177,20451,2722773,2019-03-12 09:54:00,0,none
transfer,69425,99507,3429976,2019-07-07 14:59:00,0,none
transfer,11279,31819,716289,2019-07-08 13:45:00,0,none
transfer,10177,52894,2014638,2019-02-24 15:09:00,0,none
transfer,57738,14685,1891929,2019-07-16 12:15:00,0,none
transfer,20246,55566,1581600,2019-05-04 08:39:00,0,none
transfer,98808,59623,4135093,2019-04-07 15:48:00,0,none
transfer,71760,6225,4187465,2019-04-30 15:10:00,0,none
transfer,27583,28306,818780,2019-06-12 09:33:00,0,none
transfer,68974,76240,1612344,2019-05-11 13:26:00,0,none
transfer,75021,68961,3929662,2019-06-29 12:19:00,0,none
transfer,33188,80349,3183022,2019-03-15 12:32:00,0,none
transfer,37278,6254,685902,2019-05-13 15:31:00,0,none
transfer,2137,70023,765028,2019-04-10 15:08:00,0,none
transfer,38127,90579,1911421,2019-04-12 13:33:00,0,none
transfer,61096,83515,1961744,2019-03-12 12:53:00,0,none
transfer,94054,86646,2418626,2019-06-21 15:24:00,0,none
transfer,93815,81516,4739686,2019-02-22 11:54:00,0,none
transfer,93352,44509,3251400,2019-05-22 13:37:00,0,none
transfer,49130,89560,1919156,2019-05-14 12:56:00,0,none
transfer,81765,33961,3437899,2019-03-26 10:45:00,0,none
transfer,17015,52570,1610222,2019-06-04 15:29:00,0,none
transfer,26802,82070,3388934,2019-05-12 11:51:00,0,none
transfer,97239,78283,311268,2019-05-21 14:34:00,0,none
transfer,99576,92220,1689037,2019-07-06 13:41:00,0,none
transfer,73630,44234,1000724,2019-06-02 08:36:00,0,none
transfer,65629,32079,4062317,2019-02-23 10:38:00,0,none
transfer,20843,28570,4897074,2019-06-30 12:49:00,0,none
transfer,97147,7385,3891721,2019-04-13 12:01:00,0,none
transfer,37802,53268,1480799,2019-03-22 08:18:00,0,none
transfer,72456,41330,1474126,2019-05-17 09:33:00,0,none
transfer,63409,79893,4329200,2019-04-18 12:51:00,0,none
transfer,51093,59357,4755809,2019-06-15 09:38:00,0,none
transfer,15050,58980,1335967,2019-06-17 11:17:00,0,none
transfer,22247,54765,3629536,2019-04-08 12:15:00,0,none
transfer,59920,68262,123197,2019-04-26 12:08:00,0,none
transfer,97237,47018,4324963,2019-07-10 12:53:00,0,none
transfer,79393,5629,4161515,2019-07-03 09:03:00,0,none
transfer,2984,52750,2519622,2019-03-27 10:26:00,0,none
transfer,14931,85860,3661870,2019-03-19 15:32:00,0,none
transfer,15287,10919,2483966,2019-03-10 13:36:00,0,none
transfer,21341,74301,1265886,2019-03-02 08:39:00,0,none
transfer,13203,98237,674474,2019-05-03 13:48:00,0,none
transfer,93557,44688,1088725,2019-04-01 13:48:00,0,none
transfer,4609,72851,3953018,2019-06-13 14:47:00,0,none
transfer,41485,5953,3847765,2019-05-13 11:07:00,0,none
transfer,46436,77346,1786639,2019-03-16 15:36:00,0,none
transfer,99282,49218,4458846,2019-03-11 10:24:00,0,none
transfer,89943,29438,3861235,2019-05-08 08:25:00,0,none
transfer,68498,84418,869493,2019-03-07 10:57:00,0,none
transfer,93252,56221,748010,2019-02-24 13:09:00,0,none
transfer,68720,97712,987796,2019-05-09 11:14:00,0,none
transfer,45719,70122,4977320,2019-03-08 09:33:00,0,none
transfer,16974,22898,3284761,2019-05-16 10:42:00,0,none
transfer,3067,16921,1866891,2019-02-22 11:19:00,0,none
transfer,61611,83424,216045,2019-03-18 11:04:00,0,none
transfer,77971,81048,3776313,2019-03-05 15:24:00,0,none
transfer,95880,95399,3931829,2019-05-07 10:46:00,0,none
transfer,4463,65272,616869,2019-03-14 15:49:00,0,none
transfer,19544,36614,3365041,2019-02-27 15:59:00,0,none
transfer,32599,18661,3040921,2019-06-19 12:35:00,0,none
transfer,10317,74938,1026663,2019-04-12 11:55:00,0,none
transfer,62603,29110,1093747,2019-05-05 13:42:00,0,none
transfer,33645,55072,2298957,2019-06-01 11:03:00,0,none
transfer,86651,72065,1394362,2019-05-02 09:02:00,0,none
transfer,55717,91892,2497750,2019-03-15 10:30:00,0,none
transfer,24440,81312,2357356,2019-05-24 14:01:00,0,none
transfer,70264,90843,4002311,2019-05-26 08:22:00,0,none
transfer,24510,78559,4730973,2019-06-15 11:04:00,0,none
transfer,59014,39060,4339729,2019-02-22 11:31:00,0,none
transfer,82181,36930,394042,2019-04-09 12:47:00,0,none
transfer,42831,44412,2953532,2019-05-18 08:08:00,0,none
transfer,39345,17534,1423374,2019-07-18 10:27:00,0,none
transfer,40517,72522,197077,2019-06-17 10:06:00,0,none
transfer,87587,98536,1274619,2019-06-10 10:08:00,0,none
transfer,33823,33789,3808618,2019-06-02 10:05:00,0,none
transfer,36973,29614,1980983,2019-05-21 14:58:00,0,none
transfer,56788,52825,3521582,2019-06-26 13:37:00,0,none
transfer,79212,86384,3901873,2019-03-01 09:09:00,0,none
transfer,85464,4500,2410295,2019-05-21 11:31:00,0,none
transfer,31930,57399,2765625,2019-05-18 13:44:00,0,none
transfer,866,15552,4740137,2019-03-01 11:50:00,0,none
transfer,11054,10804,2091010,2019-04-20 11:24:00,0,none
transfer,13064,76451,2166982,2019-03-20 10:27:00,0,none
transfer,6890,64136,184924,2019-04-06 13:18:00,0,none
transfer,11686,9324,3878422,2019-04-08 08:01:00,0,none
transfer,7415,69994,2000595,2019-04-14 13:16:00,0,none
transfer,29256,50096,1116142,2019-02-25 12:49:00,0,none
transfer,596,88309,1926121,2019-04-11 13:16:00,0,none
transfer,48643,23882,2370940,2019-07-14 14:22:00,0,none
transfer,38638,85499,3991712,2019-05-13 10:24:00,0,none
transfer,43624,50759,1999105,2019-05-14 08:34:00,0,none
transfer,73965,1968,1342342,2019-07-01 09:53:00,0,none
transfer,23952,54510,1175847,2019-06-24 09:46:00,0,none
transfer,64072,92883,3384858,2019-03-28 13:44:00,0,none
transfer,27633,66588,515641,2019-07-07 09:40:00,0,none
transfer,70504,58765,4629143,2019-06-12 10:05:00,0,none
transfer,85180,4961,4476657,2019-07-01 11:30:00,0,none
transfer,28562,58427,966820,2019-05-03 12:01:00,0,none
transfer,59829,91264,2118629,2019-06-10 08:47:00,0,none
transfer,83831,1013,4667570,2019-06-05 13:29:00,0,none
transfer,3389,94221,3446773,2019-07-02 12:07:00,0,none
transfer,76106,41315,1889603,2019-05-05 11:19:00,0,none
transfer,53075,63910,1579099,2019-05-16 14:42:00,0,none
transfer,91664,10233,3534303,2019-04-13 14:32:00,0,none
transfer,80198,56531,1931899,2019-06-08 09:03:00,0,none
transfer,55955,2389,2311680,2019-03-04 08:41:00,0,none
transfer,80417,25172,1384387,2019-06-26 10:42:00,0,none
transfer,79779,74959,4640544,2019-06-23 11:35:00,0,none
transfer,59047,75007,2691758,2019-06-02 11:59:00,0,none
transfer,93237,28594,2471475,2019-04-26 15:25:00,0,none
transfer,89707,20924,4243303,2019-06-13 12:19:00,0,none
transfer,3594,88623,3623277,2019-06-25 11:50:00,0,none
transfer,82494,76772,927702,2019-07-10 09:40:00,0,none
transfer,46125,57020,764617,2019-03-13 15:34:00,0,none
transfer,83061,72988,2187492,2019-02-22 14:46:00,0,none
transfer,39475,603,3315870,2019-03-12 15:58:00,0,none
transfer,82292,99373,3462933,2019-04-01 13:56:00,0,none
transfer,99250,78255,4505513,2019-03-31 13:35:00,0,none
transfer,23853,80326,454238,2019-04-19 13:44:00,0,none
transfer,48967,70275,4922163,2019-04-19 13:51:00,0,none
transfer,17011,67775,347290,2019-03-27 10:18:00,0,none
transfer,6431,21366,4371028,2019-03-12 11:33:00,0,none
transfer,46146,90377,3724101,2019-03-13 14:05:00,0,none
transfer,65022,61591,4279178,2019-06-22 13:30:00,0,none
transfer,65222,14956,4180201,2019-04-22 12:33:00,0,none
transfer,13655,30428,4886683,2019-05-21 12:17:00,0,none
transfer,5569,58674,625093,2019-04-17 13:36:00,0,none
transfer,49543,95152,1096351,2019-04-18 15:44:00,0,none
transfer,45069,65997,3972197,2019-07-19 11:22:00,0,none
transfer,47572,81630,3256323,2019-03-03 15:00:00,0,none
transfer,53222,77434,4825224,2019-05-20 13:23:00,0,none
transfer,1286,17233,1542996,2019-05-17 13:31:00,0,none
transfer,23041,82061,1339767,2019-04-28 12:51:00,0,none
transfer,15597,58273,4263762,2019-05-15 10:25:00,0,none
transfer,40659,23997,2084373,2019-04-04 08:25:00,0,none
transfer,13431,83381,1634913,2019-06-29 12:23:00,0,none
transfer,33294,21709,3410090,2019-07-16 15:41:00,0,none
transfer,16633,65511,330293,2019-03-21 11:28:00,0,none
transfer,7828,28174,2814218,2019-04-25 13:27:00,0,none
transfer,13506,55217,1994667,2019-05-17 14:47:00,0,none
transfer,76340,55758,4509267,2019-03-09 12:35:00,0,none
transfer,59403,1787,4924244,2019-04-25 11:19:00,0,none
transfer,99775,45704,2873466,2019-06-19 09:45:00,0,none
transfer,98300,86978,4899627,2019-05-28 15:50:00,0,none
transfer,5224,4388,3944928,2019-03-26 09:47:00,0,none
transfer,91741,44794,799975,2019-04-20 10:12:00,0,none
transfer,78222,42292,1801199,2019-03-08 15:23:00,0,none
transfer,98628,59469,86743,2019-06-04 13:52:00,0,none
transfer,23686,25511,2768237,2019-04-19 10:14:00,0,none
transfer,71790,43732,4954692,2019-06-02 15:41:00,0,none
transfer,39968,44627,990610,2019-06-06 11:55:00,0,none
transfer,61162,78998,3860332,2019-04-07 10:23:00,0,none
transfer,48774,78255,3170100,2019-06-26 10:37:00,0,none
transfer,74205,25089,1687581,2019-06-30 09:40:00,0,none
transfer,6162,21496,1855160,2019-05-19 12:29:00,0,none
transfer,24653,81941,4673230,2019-05-15 09:47:00,0,none
transfer,97857,81901,2145201,2019-03-13 15:29:00,0,none
transfer,40945,84520,4494518,2019-03-11 09:08:00,0,none
transfer,21262,88684,1715903,2019-03-20 13:59:00,0,none
transfer,62612,83206,3133830,2019-07-19 08:32:00,0,none
transfer,61737,43877,2543150,2019-05-10 10:02:00,0,none
transfer,87422,46362,2404446,2019-05-28 10:45:00,0,none
transfer,75439,53693,1450694,2019-06-28 08:21:00,0,none
transfer,85902,96010,363541,2019-06-16 14:37:00,0,none
transfer,58976,63592,625032,2019-04-06 13:59:00,0,none
transfer,12924,56619,3197368,2019-04-26 08:21:00,0,none
transfer,40939,39952,2081709,2019-04-28 08:01:00,0,none
transfer,36154,30735,4824160,2019-03-11 10:57:00,0,none
transfer,65693,41233,2682428,2019-02-21 15:17:00,0,none
transfer,98866,16241,1868172,2019-02-25 11:07:00,0,none
transfer,8953,90794,1922266,2019-06-19 14:04:00,0,none
transfer,46242,41205,900632,2019-06-18 12:49:00,0,none
transfer,85716,66341,1341563,2019-05-19 14:21:00,0,none
transfer,37792,52256,2373541,2019-05-12 10:08:00,0,none
transfer,40206,55859,1015133,2019-07-20 14:33:00,0,none
transfer,49846,85016,4022893,2019-07-15 10:53:00,0,none
transfer,76223,18247,2827924,2019-07-09 12:14:00,0,none
transfer,76829,4000,1382910,2019-05-08 08:40:00,0,none
transfer,2295,27828,3147590,2019-06-30 14:20:00,0,none
transfer,89252,34421,587444,2019-03-18 10:48:00,0,none
transfer,4108,35891,2414479,2019-05-28 15:15:00,0,none
transfer,15539,35677,4317737,2019-06-26 11:16:00,0,none
transfer,26217,4919,2669309,2019-04-11 09:08:00,0,none
transfer,20457,24114,781465,2019-07-20 10:30:00,0,none
transfer,16988,74937,4637190,2019-06-20 15:39:00,0,none
transfer,57246,4129,192967,2019-07-17 09:46:00,0,none
transfer,48104,39961,1998986,2019-06-06 14:21:00,0,none
transfer,51395,45408,997049,2019-07-19 09:36:00,0,none
transfer,30799,69779,2156123,2019-03-21 12:01:00,0,none
transfer,8329,86560,2892490,2019-05-08 11:09:00,0,none
transfer,42862,74946,1823624,2019-05-30 08:51:00,0,none
transfer,52808,29728,3287533,2019-03-25 11:58:00,0,none
transfer,34565,50275,3334081,2019-05-17 10:55:00,0,none
transfer,98047,87901,3579561,2019-06-01 10:05:00,0,none
transfer,46560,5591,3635704,2019-07-14 10:44:00,0,none
transfer,97547,76168,4685634,2019-03-20 10:47:00,0,none
transfer,88501,72081,2008509,2019-06-26 13:06:00,0,none
transfer,71746,67214,4956106,2019-04-15 14:24:00,0,none
transfer,78089,22542,4860382,2019-06-30 09:12:00,0,none
transfer,61630,21022,1977151,2019-03-08 15:50:00,0,none
transfer,56749,87541,3786723,2019-04-16 15:09:00,0,none
transfer,61958,36703,3893725,2019-03-08 15:04:00,0,none
transfer,72538,80715,89681,2019-04-17 15:09:00,0,none
transfer,25930,38206,66930,2019-06-15 10:17:00,0,none
transfer,66595,11761,4646080,2019-07-03 09:13:00,0,none
transfer,64872,53465,3310272,2019-03-23 12:08:00,0,none
transfer,52291,2372,4614042,2019-05-08 12:27:00,0,none
transfer,24099,25210,4844598,2019-03-08 10:08:00,0,none
transfer,14846,84900,1436502,2019-05-09 12:18:00,0,none
transfer,31344,17378,1738005,2019-05-23 15:45:00,0,none
transfer,57361,44441,3589333,2019-06-12 10:16:00,0,none
transfer,82093,26293,768260,2019-03-29 08:43:00,0,none
transfer,11200,79868,4052075,2019-06-06 10:05:00,0,none
transfer,58823,32382,248214,2019-04-22 09:05:00,0,none
transfer,71890,37448,2084736,2019-05-20 13:49:00,0,none
transfer,90373,49579,826280,2019-03-13 11:47:00,0,none
transfer,5795,17240,4289505,2019-04-19 10:33:00,0,none
transfer,31815,45385,3412264,2019-05-22 08:33:00,0,none
transfer,42879,19263,3217217,2019-02-20 13:04:00,0,none
transfer,46531,36450,4219354,2019-07-10 09:58:00,0,none
transfer,18202,3608,2875979,2019-05-07 09:36:00,0,none
transfer,29681,30154,4727747,2019-06-01 10:59:00,0,none
transfer,20546,86594,599428,2019-02-26 10:14:00,0,none
transfer,14614,31073,3372794,2019-06-09 12:18:00,0,none
transfer,71858,17627,3906096,2019-05-25 08:23:00,0,none
transfer,9398,29363,4938001,2019-04-20 12:04:00,0,none
transfer,90279,80350,2674973,2019-05-18 12:52:00,0,none
transfer,57087,13293,4214863,2019-03-11 15:51:00,0,none
transfer,12303,86732,650038,2019-03-01 09:15:00,0,none
transfer,30932,50722,234796,2019-04-24 14:20:00,0,none
transfer,79733,83575,1124183,2019-03-23 11:12:00,0,none
transfer,17446,4857,1648432,2019-04-01 11:58:00,0,none
transfer,48053,63619,1940175,2019-04-11 13:40:00,0,none
transfer,75507,15336,1898655,2019-05-26 15:34:00,0,none
transfer,4832,38638,3954174,2019-07-05 08:20:00,0,none
transfer,57489,39651,4729468,2019-02-27 14:52:00,0,none
transfer,30644,77620,656767,2019-07-11 10:23:00,0,none
transfer,77657,72806,4187029,2019-03-10 12:02:00,0,none
transfer,94476,43225,2915622,2019-04-04 12:02:00,0,none
transfer,46314,88223,923773,2019-03-11 15:25:00,0,none
transfer,46893,96138,365171,2019-04-01 15:20:00,0,none
transfer,41337,95930,514164,2019-06-22 08:54:00,0,none
transfer,81233,2525,1737404,2019-05-15 09:52:00,0,none
transfer,66658,90834,3015823,2019-07-13 14:16:00,0,none
transfer,14664,91860,1682797,2019-04-08 12:16:00,0,none
transfer,50457,41618,1416689,2019-05-15 10:43:00,0,none
transfer,7960,96938,145440,2019-07-15 12:44:00,0,none
transfer,23824,40603,2924731,2019-05-21 11:28:00,0,none
transfer,9462,65474,1866686,2019-05-27 11:45:00,0,none
transfer,49896,66893,3751326,2019-07-02 08:35:00,0,none
transfer,29968,35235,4264367,2019-07-13 08:29:00,0,none
transfer,52554,56808,1894680,2019-07-10 11:37:00,0,none
transfer,89707,30152,370947,2019-07-08 13:03:00,0,none
transfer,47353,41905,3482904,2019-04-28 14:37:00,0,none
transfer,64890,85625,1985136,2019-06-05 10:03:00,0,none
transfer,57365,13814,1534832,2019-03-15 12:59:00,0,none
transfer,85195,35482,3073795,2019-04-09 12:52:00,0,none
transfer,69561,14678,69975,2019-03-21 14:34:00,0,none
transfer,16485,44689,2870700,2019-04-07 09:25:00,0,none
transfer,3798,51215,3286975,2019-04-12 13:03:00,0,none
transfer,38153,46344,1224059,2019-03-31 14:10:00,0,none
transfer,47047,20896,1630093,2019-04-30 11:26:00,0,none
transfer,21515,75244,2096746,2019-04-20 13:21:00,0,none
transfer,28248,60455,1602992,2019-06-17 08:53:00,0,none
transfer,37108,79920,2302217,2019-06-06 10:57:00,0,none
transfer,7633,73423,3829176,2019-03-11 09:44:00,0,none
transfer,33596,45412,422432,2019-05-31 08:54:00,0,none
transfer,35256,98589,3062729,2019-07-19 08:44:00,0,none
transfer,12962,95511,174059,2019-05-17 09:18:00,0,none
transfer,23514,38448,1667990,2019-03-17 09:10:00,0,none
transfer,93989,57131,3327184,2019-06-13 09:21:00,0,none
transfer,723,24818,1267920,2019-05-08 11:47:00,0,none
transfer,70734,69285,3715222,2019-02-21 13:23:00,0,none
transfer,93556,77285,1114870,2019-07-07 12:17:00,0,none
transfer,76546,54402,3480679,2019-04-20 13:10:00,0,none
transfer,76320,9413,4058288,2019-06-15 11:40:00,0,none
transfer,43889,59678,2312958,2019-04-27 14:42:00,0,none
transfer,64654,65773,2241888,2019-05-05 10:22:00,0,none
transfer,90140,99814,4104167,2019-05-29 10:38:00,0,none
transfer,45882,47581,2878294,2019-07-17 09:31:00,0,none
transfer,11077,26825,669125,2019-07-17 13:44:00,0,none
transfer,5917,33125,499494,2019-05-31 08:34:00,0,none
transfer,64731,49412,3907096,2019-04-05 08:38:00,0,none
transfer,30084,10836,2007950,2019-03-08 15:30:00,0,none
transfer,64292,57951,2421810,2019-07-07 14:30:00,0,none
transfer,54161,17918,602950,2019-06-24 14:53:00,0,none
transfer,94284,9888,934629,2019-07-07 08:56:00,0,none
transfer,92033,20890,2256228,2019-04-29 11:55:00,0,none
transfer,1489,77795,1783682,2019-05-01 13:01:00,0,none
transfer,48180,4850,256469,2019-05-25 11:18:00,0,none
transfer,71269,45201,3115424,2019-06-06 11:54:00,0,none
transfer,40268,78025,2800610,2019-06-06 14:13:00,0,none
transfer,10147,29990,1023149,2019-03-07 08:00:00,0,none
transfer,36698,79340,4402054,2019-03-23 08:26:00,0,none
transfer,68889,35880,4440725,2019-03-23 14:34:00,0,none
transfer,29080,83596,1920494,2019-03-21 13:53:00,0,none
transfer,23831,77407,4895580,2019-04-13 13:18:00,0,none
transfer,45472,58536,2862029,2019-06-20 12:50:00,0,none
transfer,70378,55162,1130773,2019-05-23 11:57:00,0,none
transfer,60795,16152,960781,2019-04-19 14:34:00,0,none
transfer,83524,28876,1949975,2019-07-05 12:29:00,0,none
transfer,91753,47632,2075687,2019-02-28 15:34:00,0,none
transfer,71858,56531,878986,2019-05-03 12:14:00,0,none
transfer,68889,49579,4996101,2019-06-19 08:01:00,0,none
transfer,36698,35235,3252156,2019-02-25 15:12:00,0,none
transfer,15050,6225,3909908,2019-07-18 08:08:00,0,none
transfer,15597,88223,1605747,2019-06-05 10:26:00,0,none
transfer,70264,15287,2051059,2019-05-29 09:31:00,0,none
transfer,72456,15050,3678842,2019-06-25 13:33:00,0,none
transfer,83513,56749,2069819,2019-05-14 11:24:00,0,none
transfer,53075,82494,1833878,2019-03-03 12:09:00,0,none
transfer,13506,19544,4918859,2019-03-14 09:56:00,0,none
transfer,61399,46436,2511469,2019-03-04 12:00:00,0,none
transfer,603,57361,1758852,2019-06-01 08:22:00,0,none
transfer,50275,96135,3270858,2019-07-04 10:29:00,0,none
transfer,65997,98808,1546392,2019-04-21 14:20:00,0,none
transfer,37507,98047,704348,2019-06-29 15:43:00,0,none
transfer,73913,53268,4752915,2019-04-10 12:49:00,0,none
transfer,95152,70912,2920899,2019-06-17 11:56:00,0,none
transfer,53268,17534,1840788,2019-07-08 13:46:00,0,none
transfer,17700,88390,1592377,2019-04-23 08:38:00,0,none
transfer,2232,6254,1224511,2019-06-23 15:40:00,0,none
transfer,5953,6477,2009005,2019-05-25 15:18:00,0,none
transfer,33789,61346,4525371,2019-05-29 12:17:00,0,none
transfer,26293,18165,3963280,2019-06-26 09:12:00,0,none
transfer,77285,18165,1791782,2019-05-04 11:55:00,0,none
transfer,59191,95498,420739,2019-04-22 11:17:00,0,none
transfer,24510,95498,3271848,2019-06-16 08:04:00,0,none
transfer,97547,31163,4277215,2019-03-19 08:50:00,0,none
transfer,11200,73055,1178060,2019-06-09 15:04:00,0,none
transfer,74177,83790,4169010,2019-07-11 11:26:00,0,none
transfer,8953,9987,862405,2019-03-12 09:01:00,0,none
transfer,55072,41461,2686717,2019-02-25 14:37:00,0,none
transfer,87901,84618,1427598,2019-03-06 10:18:00,0,none
transfer,30735,3854,4849662,2019-07-15 10:57:00,0,none
transfer,70122,35926,3992582,2019-03-01 10:51:00,0,none
transfer,86384,6762,1707322,2019-04-10 09:47:00,0,none
transfer,76223,47522,652264,2019-07-11 10:20:00,0,none
transfer,17015,15214,4290973,2019-03-09 15:00:00,0,none
transfer,73965,38586,1588697,2019-03-14 08:21:00,0,none
transfer,69425,71059,4711577,2019-03-06 08:51:00,0,none
transfer,53222,95692,4689476,2019-04-04 13:58:00,0,none
transfer,1549,71746,4939185,2019-07-16 09:14:00,0,none
transfer,9373,28248,4657933,2019-06-15 15:59:00,0,none
transfer,90598,14931,2947084,2019-03-13 15:07:00,0,none
transfer,23784,38993,3083463,2019-02-20 14:09:00,0,none
transfer,70669,93815,1624827,2019-06-28 12:06:00,0,none
transfer,22046,70275,1745188,2019-07-07 12:26:00,0,none
transfer,20337,50110,461029,2019-06-05 12:30:00,0,none
transfer,22049,80349,305353,2019-06-11 09:12:00,0,none
transfer,27771,74938,1077674,2019-06-26 09:52:00,0,none
transfer,46627,17240,4049544,2019-07-18 11:11:00,0,none
transfer,28046,73630,2568792,2019-06-20 13:09:00,0,none
transfer,89131,75507,1754765,2019-04-13 14:59:00,0,none
transfer,94670,13506,4947130,2019-04-07 14:29:00,0,none
transfer,89131,65629,795947,2019-06-07 11:35:00,0,none
transfer,61346,37108,1797531,2019-07-02 15:11:00,0,none
transfer,31163,95093,2395386,2019-04-08 11:33:00,0,none
transfer,28046,8950,3655808,2019-02-28 08:13:00,0,none
transfer,77508,65511,3204700,2019-03-11 08:51:00,0,none
transfer,73055,83206,655907,2019-05-21 10:45:00,0,none
transfer,86903,67214,3934608,2019-05-20 12:39:00,0,none
transfer,23069,47590,4555562,2019-06-12 14:51:00,0,none
transfer,1489,34989,340443,2019-07-15 15:13:00,0,none
transfer,65222,950,4524228,2019-05-26 13:01:00,0,none
transfer,85716,950,421672,2019-04-01 14:41:00,0,none
transfer,46436,73532,1421211,2019-07-16 14:59:00,0,none
transfer,52554,67662,4686162,2019-03-31 14:29:00,0,none
transfer,38590,41703,3062117,2019-05-27 10:20:00,0,none
transfer,84097,44075,1387855,2019-06-05 15:58:00,0,none
transfer,7960,55735,1026062,2019-07-18 10:02:00,0,none
transfer,47353,71881,2884434,2019-02-21 14:25:00,0,none
transfer,70504,58819,1123395,2019-02-28 13:06:00,0,none
transfer,89943,55884,2117317,2019-05-10 14:49:00,0,none
transfer,20779,32548,379128,2019-04-26 13:43:00,0,none
transfer,42831,63730,2046834,2019-04-24 13:40:00,0,none
transfer,16988,32346,226695,2019-07-15 15:48:00,0,none
transfer,44441,68625,2686176,2019-04-04 09:03:00,0,none
transfer,26293,29182,378583,2019-06-11 08:38:00,0,none
transfer,24114,25682,1951655,2019-03-24 14:17:00,0,none
transfer,27336,44881,381968,2019-06-27 08:25:00,0,none
transfer,20896,39185,3603745,2019-04-02 08:44:00,0,none
transfer,16921,75252,224357,2019-04-06 14:59:00,0,none
transfer,61,68275,631490,2019-05-23 12:33:00,0,none
transfer,5629,41703,4035833,2019-05-25 10:18:00,0,none
transfer,13293,1366,2310552,2019-04-30 09:59:00,0,none
transfer,38206,85539,2231671,2019-04-15 14:43:00,0,none
transfer,61399,35053,2386752,2019-05-10 12:20:00,0,none
transfer,44627,46638,2468440,2019-05-09 08:16:00,0,none
transfer,98536,10608,3940987,2019-07-18 12:47:00,0,none
transfer,53465,19795,3975419,2019-07-12 13:11:00,0,none
transfer,3828,61320,1841260,2019-05-29 15:22:00,0,none
transfer,29182,85902,351589,2019-03-14 12:33:00,0,none
transfer,44827,40206,399814,2019-03-11 11:30:00,0,none
transfer,20849,36154,1604298,2019-05-24 09:04:00,0,none
transfer,73532,70504,2620297,2019-03-19 09:19:00,0,none
transfer,85457,99282,1288283,2019-05-27 10:56:00,0,none
transfer,44827,88623,1963577,2019-04-11 10:19:00,0,none
transfer,57833,1257,2333678,2019-04-03 12:15:00,0,none
transfer,31270,35235,95888,2019-03-24 14:32:00,0,none
transfer,57833,66341,2572396,2019-05-29 15:19:00,0,none
transfer,3961,43732,4969901,2019-06-06 15:56:00,0,none
transfer,57768,36973,685247,2019-05-22 15:24:00,0,none
transfer,7654,13064,1367414,2019-04-01 12:59:00,0,none
transfer,94652,24510,1395287,2019-05-19 11:23:00,0,none
transfer,36647,33294,4253756,2019-06-30 13:39:00,0,none
transfer,1366,48104,2916631,2019-03-18 12:47:00,0,none
transfer,84551,83206,2751485,2019-04-17 13:56:00,0,none
transfer,44075,28306,1161940,2019-06-05 09:04:00,0,none
transfer,8475,47018,2351552,2019-06-27 13:56:00,0,none
transfer,60685,55758,2223761,2019-03-25 12:20:00,0,none
transfer,68275,69285,4116948,2019-05-23 11:15:00,0,none
transfer,4689,75678,1158968,2019-05-14 11:44:00,0,none
transfer,66955,90279,3036683,2019-03-22 12:34:00,0,none
transfer,15558,59047,4699498,2019-04-03 14:40:00,0,none
transfer,6599,50700,220813,2019-03-15 09:00:00,0,none
transfer,64269,71803,4990689,2019-06-22 09:54:00,0,none
transfer,57768,36703,3196628,2019-05-20 14:06:00,0,none
transfer,33174,26740,3802359,2019-03-06 11:21:00,0,none
transfer,41032,44509,4634190,2019-06-23 15:08:00,0,none
transfer,97966,95152,1162767,2019-07-19 14:54:00,0,none
transfer,70242,418,2501184,2019-03-21 13:04:00,0,none
transfer,60285,4763,4387938,2019-03-13 11:53:00,0,none
transfer,4763,52672,4387938,2019-06-14 14:35:00,0,none
transfer,52672,78424,4387938,2019-04-05 09:58:00,0,none
transfer,78424,97246,4387938,2019-03-26 08:24:00,0,none
transfer,97246,26173,4387938,2019-05-12 14:02:00,0,none
transfer,26173,24411,4387938,2019-02-24 12:01:00,0,none
transfer,24411,939,4387938,2019-05-19 14:35:00,0,none
transfer,939,91556,4387938,2019-02-23 11:44:00,0,none
transfer,91556,1145,4387938,2019-06-28 13:21:00,0,none
transfer,1145,73250,4387938,2019-03-30 13:30:00,0,none
transfer,73250,55694,4387938,2019-05-12 10:34:00,0,none
transfer,55694,19022,4387938,2019-03-09 14:11:00,0,none
transfer,19022,93428,4387938,2019-03-15 15:47:00,0,none
transfer,93428,12712,4387938,2019-06-30 14:23:00,0,none
transfer,12712,42838,4387938,2019-06-10 15:59:00,0,none
transfer,41323,78247,1395815,2019-05-02 09:41:00,0,none
transfer,78247,24829,1395815,2019-06-06 14:50:00,0,none
transfer,24829,67002,1395815,2019-04-30 11:17:00,0,none
transfer,67002,33148,1395815,2019-03-06 10:49:00,0,none
transfer,33148,70809,1395815,2019-06-24 15:30:00,0,none
transfer,70809,29444,1395815,2019-03-31 13:53:00,0,none
transfer,29444,44823,1395815,2019-04-04 11:32:00,0,none
transfer,44823,18510,1395815,2019-03-28 10:25:00,0,none
transfer,18510,65118,1395815,2019-03-26 09:38:00,0,none
transfer,65118,85423,1395815,2019-05-03 13:48:00,0,none
transfer,24748,99772,3503270,2019-05-26 15:32:00,0,none
transfer,99772,98671,3503270,2019-05-01 11:25:00,0,none
transfer,98671,55419,3503270,2019-03-31 08:19:00,0,none
transfer,55419,86550,3503270,2019-06-15 11:36:00,0,none
transfer,86550,447,3503270,2019-06-04 11:09:00,0,none
transfer,447,29601,3503270,2019-06-14 11:08:00,0,none
transfer,29601,4622,3503270,2019-05-23 13:14:00,0,none
transfer,4622,7538,3503270,2019-07-15 13:58:00,0,none
transfer,7538,15428,3503270,2019-03-12 14:25:00,0,none
transfer,66175,17401,4369196,2019-04-28 15:57:00,0,none
transfer,17401,13760,4369196,2019-03-25 08:52:00,0,none
transfer,13760,32080,4369196,2019-03-29 14:02:00,0,none
transfer,32080,69237,4369196,2019-06-26 10:34:00,0,none
transfer,69237,44868,4369196,2019-06-13 11:47:00,0,none
transfer,44868,57816,4369196,2019-05-06 12:56:00,0,none
transfer,57816,70882,4369196,2019-06-26 09:43:00,0,none
transfer,70882,68179,4369196,2019-05-04 15:23:00,0,none
transfer,28238,32176,1180054,2019-05-31 08:46:00,0,none
transfer,32176,2608,1180054,2019-03-06 08:43:00,0,none
transfer,2608,26551,1180054,2019-03-16 14:20:00,0,none
transfer,26551,33564,1180054,2019-07-16 12:02:00,0,none
transfer,33564,6678,1180054,2019-07-15 08:41:00,0,none
transfer,6678,40154,1180054,2019-06-08 13:34:00,0,none
transfer,40154,54099,1180054,2019-05-15 15:46:00,0,none
transfer,30770,62556,13332,2019-05-09 11:45:00,0,none
transfer,39119,62556,13332,2019-07-10 11:35:00,0,none
transfer,54784,62556,13332,2019-07-10 13:27:00,0,none
transfer,40894,62556,13332,2019-04-19 10:55:00,0,none
transfer,18036,62556,13332,2019-03-28 12:38:00,0,none
transfer,18283,62556,13332,2019-06-28 13:40:00,0,none
transfer,89886,62556,13332,2019-06-15 15:08:00,0,none
transfer,21638,62556,13332,2019-05-23 12:37:00,0,none
transfer,72442,62556,13333,2019-03-14 10:27:00,0,none
transfer,42203,43793,106906,2019-05-27 12:00:00,0,none
transfer,64550,43793,106906,2019-07-08 08:15:00,0,none
transfer,3226,43793,106906,2019-02-28 14:08:00,0,none
transfer,72164,43793,106906,2019-05-08 14:21:00,0,none
transfer,55340,43793,106906,2019-07-08 09:10:00,0,none
transfer,43725,43793,106906,2019-04-28 14:07:00,0,none
transfer,46066,43793,106906,2019-02-22 15:30:00,0,none
transfer,77458,43793,106906,2019-02-24 08:31:00,0,none
transfer,92057,43793,106907,2019-05-13 09:38:00,0,none
transfer,30714,43793,106907,2019-06-28 14:35:00,0,none
transfer,94900,43793,106907,2019-04-07 15:23:00,0,none
transfer,10908,43793,106907,2019-06-10 15:27:00,0,none
transfer,87134,43793,106907,2019-04-30 09:24:00,0,none
transfer,57913,43793,106907,2019-04-25 12:40:00,0,none
transfer,91533,43793,106907,2019-03-01 10:49:00,0,none
transfer,89714,43793,106907,2019-03-09 09:53:00,0,none
transfer,37235,43793,106907,2019-07-02 14:21:00,0,none
transfer,75468,43793,106907,2019-04-03 15:28:00,0,none
transfer,29043,43793,106907,2019-05-18 10:14:00,0,none
transfer,53540,43793,106907,2019-06-27 12:39:00,0,none
transfer,34767,43793,106907,2019-03-24 11:59:00,0,none
transfer,14945,43793,106907,2019-03-29 14:53:00,0,none
transfer,9532,43793,106907,2019-04-13 13:19:00,0,none
transfer,27332,43793,106907,2019-05-10 09:34:00,0,none
transfer,32685,43793,106907,2019-07-08 12:20:00,0,none
transfer,26390,43793,106907,2019-03-25 13:52:00,0,none
