Source,Target,Type,Id,Weight,isfraud
30105,28942,Directed,21066,494528,1
30105,8692,Directed,21067,494528,1
30105,60094,Directed,21068,494528,1
30105,20575,Directed,21069,494528,1
30105,45938,Directed,21070,494528,1
30105,54971,Directed,21071,494528,1
30105,62257,Directed,21072,494528,1
30105,1020,Directed,21073,494528,1
30105,98751,Directed,21074,494528,1
30105,82016,Directed,21075,494528,1
30105,13800,Directed,21076,494528,1
30105,52681,Directed,21077,494529,1
30105,80113,Directed,21078,494529,1
30105,64316,Directed,21079,494529,1
30105,94472,Directed,21080,494529,1
30105,23762,Directed,21081,494529,1
30105,12860,Directed,21082,494529,1
30105,61008,Directed,21083,494529,1
30105,3164,Directed,21084,494529,1
30105,24259,Directed,21085,494529,1
80740,29758,Directed,21086,388294,1
80740,47869,Directed,21087,388294,1
80740,79227,Directed,21088,388294,1
80740,68225,Directed,21089,388294,1
80740,65031,Directed,21090,388294,1
80740,90735,Directed,21091,388294,1
80740,84696,Directed,21092,388294,1
80740,67988,Directed,21093,388294,1
80740,33384,Directed,21094,388294,1
80740,57761,Directed,21095,388294,1
80740,90295,Directed,21096,388294,1
80740,28815,Directed,21097,388294,1
80740,39965,Directed,21098,388295,1
80740,48861,Directed,21099,388295,1
80740,96543,Directed,21100,388295,1
80740,83049,Directed,21101,388295,1
80740,36644,Directed,21102,388295,1
80740,12726,Directed,21103,388295,1
80740,38032,Directed,21104,388295,1
80740,19808,Directed,21105,388295,1
92735,16792,Directed,21106,306536,1
92735,98862,Directed,21107,306536,1
92735,64222,Directed,21108,306536,1
92735,45890,Directed,21109,306536,1
92735,76199,Directed,21110,306536,1
92735,94635,Directed,21111,306536,1
92735,11443,Directed,21112,306536,1
92735,82726,Directed,21113,306536,1
92735,78865,Directed,21114,306536,1
92735,93295,Directed,21115,306536,1
92735,23512,Directed,21116,306536,1
92735,62065,Directed,21117,306536,1
92735,63711,Directed,21118,306536,1
92735,34121,Directed,21119,306536,1
92735,53801,Directed,21120,306536,1
92735,41429,Directed,21121,306536,1
92735,12806,Directed,21122,306537,1
92735,58732,Directed,21123,306537,1
92735,9507,Directed,21124,306537,1
92735,61512,Directed,21125,306537,1
92735,87991,Directed,21126,306537,1
92735,83840,Directed,21127,306537,1
92735,30584,Directed,21128,306537,1
92735,17423,Directed,21129,306537,1
92735,44570,Directed,21130,306537,1
1615,72623,Directed,21131,639229,1
1615,6322,Directed,21132,639229,1
1615,19592,Directed,21133,639229,1
1615,21254,Directed,21134,639230,1
1615,54400,Directed,21135,639230,1
1615,8552,Directed,21136,639230,1
1615,80966,Directed,21137,639230,1
1615,46860,Directed,21138,639230,1
1615,7203,Directed,21139,639230,1
1615,11667,Directed,21140,639230,1
1615,6054,Directed,21141,639230,1
1615,37081,Directed,21142,639230,1
1615,33284,Directed,21143,639230,1
1615,3335,Directed,21144,639230,1
4161,7806,Directed,21145,249081,1
4161,93672,Directed,21146,249081,1
4161,75260,Directed,21147,249081,1
4161,52002,Directed,21148,249081,1
4161,50023,Directed,21149,249081,1
4161,7038,Directed,21150,249081,1
4161,32828,Directed,21151,249081,1
4161,99617,Directed,21152,249081,1
4161,34858,Directed,21153,249081,1
4161,28744,Directed,21154,249081,1
4161,43619,Directed,21155,249081,1
4161,96342,Directed,21156,249082,1
4161,27404,Directed,21157,249082,1
4161,1599,Directed,21158,249082,1
4161,98501,Directed,21159,249082,1
4161,94376,Directed,21160,249082,1
4161,44546,Directed,21161,249082,1
4161,6724,Directed,21162,249082,1
4161,10834,Directed,21163,249082,1
4161,88949,Directed,21164,249082,1
4161,54547,Directed,21165,249082,1
4161,76270,Directed,21166,249082,1
4161,64321,Directed,21167,249082,1
4161,73770,Directed,21168,249082,1
4161,39477,Directed,21169,249082,1
4161,29501,Directed,21170,249082,1
4161,2174,Directed,21171,249082,1
4161,83480,Directed,21172,249082,1
4161,49193,Directed,21173,249082,1
33203,7242,Directed,21174,882647,1
33203,784,Directed,21175,882647,1
33203,65196,Directed,21176,882647,1
33203,80364,Directed,21177,882647,1
33203,8056,Directed,21178,882647,1
33203,69621,Directed,21179,882647,1
33203,97479,Directed,21180,882648,1
33203,34537,Directed,21181,882648,1
33203,15088,Directed,21182,882648,1
41969,65969,Directed,21183,1835026,1
41969,13881,Directed,21184,1835026,1
41969,76026,Directed,21185,1835027,1
41969,92875,Directed,21186,1835027,1
41969,69841,Directed,21187,1835027,1
37177,21392,Directed,21188,362164,1
37177,90607,Directed,21189,362164,1
37177,88400,Directed,21190,362164,1
37177,70964,Directed,21191,362164,1
37177,63029,Directed,21192,362164,1
37177,80337,Directed,21193,362164,1
37177,14656,Directed,21194,362164,1
37177,89730,Directed,21195,362164,1
37177,93055,Directed,21196,362164,1
37177,68699,Directed,21197,362164,1
37177,68229,Directed,21198,362164,1
37177,13407,Directed,21199,362164,1
37177,887,Directed,21200,362164,1
37177,48011,Directed,21201,362164,1
37177,3092,Directed,21202,362164,1
37177,57772,Directed,21203,362164,1
37177,31269,Directed,21204,362164,1
37177,69355,Directed,21205,362164,1
37177,9363,Directed,21206,362164,1
37177,30714,Directed,21207,362164,1
37177,39631,Directed,21208,362164,1
37177,33994,Directed,21209,362164,1
37177,96016,Directed,21210,362164,1
37177,67648,Directed,21211,362164,1
31439,89434,Directed,21212,554345,1
31439,90146,Directed,21213,554345,1
31439,8611,Directed,21214,554345,1
31439,3183,Directed,21215,554345,1
31439,18533,Directed,21216,554345,1
31439,6470,Directed,21217,554345,1
31439,27405,Directed,21218,554345,1
31439,97140,Directed,21219,554345,1
31439,58911,Directed,21220,554346,1
31439,20213,Directed,21221,554346,1
31439,17450,Directed,21222,554346,1
31439,63072,Directed,21223,554346,1
31439,84089,Directed,21224,554346,1
31439,42081,Directed,21225,554346,1
84352,79147,Directed,21226,640046,1
84352,80053,Directed,21227,640046,1
84352,61309,Directed,21228,640047,1
84352,54502,Directed,21229,640047,1
84352,94793,Directed,21230,640047,1
84352,24728,Directed,21231,640047,1
84352,36919,Directed,21232,640047,1
84352,46738,Directed,21233,640047,1
84352,62404,Directed,21234,640047,1
84352,49860,Directed,21235,640047,1
84352,9117,Directed,21236,640047,1
95615,43405,Directed,21237,708894,1
95615,97885,Directed,21238,708894,1
95615,15768,Directed,21239,708894,1
95615,13218,Directed,21240,708894,1
95615,93239,Directed,21241,708894,1
95615,20217,Directed,21242,708895,1
95615,13591,Directed,21243,708895,1
95615,65665,Directed,21244,708895,1
95615,27376,Directed,21245,708895,1
95615,1638,Directed,21246,708895,1
95615,35853,Directed,21247,708895,1
95615,70742,Directed,21248,708895,1
41220,39061,Directed,21249,1769355,1
41220,48727,Directed,21250,1769355,1
41220,21809,Directed,21251,1769355,1
41220,26639,Directed,21252,1769356,1
39284,62427,Directed,21253,274171,1
39284,87467,Directed,21254,274171,1
39284,53948,Directed,21255,274171,1
39284,5032,Directed,21256,274171,1
39284,68774,Directed,21257,274171,1
39284,40321,Directed,21258,274171,1
39284,95596,Directed,21259,274171,1
39284,2955,Directed,21260,274171,1
39284,91794,Directed,21261,274171,1
39284,45479,Directed,21262,274171,1
39284,63272,Directed,21263,274171,1
39284,67144,Directed,21264,274171,1
39284,7228,Directed,21265,274171,1
39284,47704,Directed,21266,274171,1
39284,74691,Directed,21267,274171,1
39284,4429,Directed,21268,274171,1
39284,13670,Directed,21269,274171,1
39284,85867,Directed,21270,274171,1
39284,18192,Directed,21271,274171,1
39284,28414,Directed,21272,274171,1
39284,55092,Directed,21273,274171,1
39284,4394,Directed,21274,274171,1
39284,74901,Directed,21275,274171,1
39284,2683,Directed,21276,274171,1
39284,87826,Directed,21277,274171,1
39284,13963,Directed,21278,274171,1
39284,29925,Directed,21279,274171,1
39284,61097,Directed,21280,274172,1
39284,13638,Directed,21281,274172,1
82688,77924,Directed,21282,292038,1
82688,91706,Directed,21283,292038,1
82688,87880,Directed,21284,292038,1
82688,18305,Directed,21285,292038,1
82688,74062,Directed,21286,292038,1
82688,83006,Directed,21287,292038,1
82688,39778,Directed,21288,292038,1
82688,32368,Directed,21289,292038,1
82688,12943,Directed,21290,292038,1
82688,67262,Directed,21291,292038,1
82688,48186,Directed,21292,292038,1
82688,6015,Directed,21293,292038,1
82688,34921,Directed,21294,292038,1
82688,28976,Directed,21295,292038,1
82688,16779,Directed,21296,292038,1
82688,88240,Directed,21297,292038,1
82688,4870,Directed,21298,292038,1
82688,32981,Directed,21299,292038,1
82688,75676,Directed,21300,292038,1
82688,69388,Directed,21301,292038,1
82688,97318,Directed,21302,292038,1
82688,42411,Directed,21303,292039,1
82688,13222,Directed,21304,292039,1
82688,99496,Directed,21305,292039,1
82688,1932,Directed,21306,292039,1
30965,80135,Directed,21307,398394,1
30965,88488,Directed,21308,398394,1
30965,57075,Directed,21309,398394,1
30965,40167,Directed,21310,398394,1
30965,24981,Directed,21311,398394,1
30965,57149,Directed,21312,398394,1
30965,14030,Directed,21313,398394,1
30965,45553,Directed,21314,398394,1
30965,80750,Directed,21315,398394,1
30965,49600,Directed,21316,398394,1
30965,93262,Directed,21317,398394,1
30965,25307,Directed,21318,398394,1
30965,63112,Directed,21319,398394,1
30965,14080,Directed,21320,398394,1
30965,95733,Directed,21321,398394,1
30965,63228,Directed,21322,398394,1
30965,4845,Directed,21323,398394,1
30965,45785,Directed,21324,398395,1
30965,74470,Directed,21325,398395,1
30965,32822,Directed,21326,398395,1
30965,23309,Directed,21327,398395,1
72032,68884,Directed,21328,391866,1
72032,35234,Directed,21329,391866,1
72032,44712,Directed,21330,391866,1
72032,21863,Directed,21331,391867,1
72032,30284,Directed,21332,391867,1
72032,68776,Directed,21333,391867,1
72032,77528,Directed,21334,391867,1
72032,13268,Directed,21335,391867,1
72032,12595,Directed,21336,391867,1
72032,27847,Directed,21337,391867,1
72032,15477,Directed,21338,391867,1
72032,57885,Directed,21339,391867,1
72032,76683,Directed,21340,391867,1
72032,45427,Directed,21341,391867,1
72032,92818,Directed,21342,391867,1
72032,49478,Directed,21343,391867,1
72032,67354,Directed,21344,391867,1
72032,44038,Directed,21345,391867,1
72032,31247,Directed,21346,391867,1
72032,82095,Directed,21347,391867,1
72032,63396,Directed,21348,391867,1
24041,96977,Directed,21349,322413,1
24041,33426,Directed,21350,322413,1
24041,46541,Directed,21351,322413,1
24041,23893,Directed,21352,322413,1
24041,86853,Directed,21353,322413,1
24041,45493,Directed,21354,322413,1
24041,33601,Directed,21355,322413,1
24041,16524,Directed,21356,322413,1
24041,56913,Directed,21357,322413,1
24041,36891,Directed,21358,322413,1
24041,18626,Directed,21359,322413,1
24041,1666,Directed,21360,322413,1
24041,34756,Directed,21361,322413,1
24041,66669,Directed,21362,322413,1
24041,55422,Directed,21363,322413,1
24041,39060,Directed,21364,322413,1
24041,88176,Directed,21365,322413,1
24041,21197,Directed,21366,322413,1
24041,92217,Directed,21367,322414,1
24041,39661,Directed,21368,322414,1
24041,56984,Directed,21369,322414,1
24041,9570,Directed,21370,322414,1
24041,49937,Directed,21371,322414,1
82410,59581,Directed,21372,713808,1
82410,21955,Directed,21373,713809,1
82410,15915,Directed,21374,713809,1
82410,94012,Directed,21375,713809,1
82410,25362,Directed,21376,713809,1
82410,27412,Directed,21377,713809,1
82410,79849,Directed,21378,713809,1
82410,26063,Directed,21379,713809,1
82410,77984,Directed,21380,713809,1
82410,41940,Directed,21381,713809,1
82410,88645,Directed,21382,713809,1
82410,87881,Directed,21383,713809,1
24441,12242,Directed,21384,2954186,1
24441,23236,Directed,21385,2954186,1
24441,94201,Directed,21386,2954186,1
43439,91672,Directed,21387,502828,1
43439,36605,Directed,21388,502828,1
43439,82179,Directed,21389,502828,1
43439,12117,Directed,21390,502828,1
43439,53631,Directed,21391,502828,1
43439,48679,Directed,21392,502828,1
43439,13115,Directed,21393,502828,1
43439,63955,Directed,21394,502828,1
43439,16638,Directed,21395,502828,1
43439,46827,Directed,21396,502828,1
43439,46060,Directed,21397,502828,1
43439,60266,Directed,21398,502828,1
43439,5029,Directed,21399,502828,1
43439,62290,Directed,21400,502828,1
43439,89414,Directed,21401,502828,1
43439,94137,Directed,21402,502828,1
43439,58551,Directed,21403,502828,1
43439,71167,Directed,21404,502828,1
69208,42692,Directed,21405,372321,1
69208,54010,Directed,21406,372321,1
69208,44409,Directed,21407,372321,1
69208,94632,Directed,21408,372321,1
69208,51747,Directed,21409,372321,1
69208,21453,Directed,21410,372321,1
69208,42627,Directed,21411,372321,1
69208,97637,Directed,21412,372321,1
69208,66062,Directed,21413,372321,1
69208,71259,Directed,21414,372321,1
69208,55007,Directed,21415,372321,1
69208,62050,Directed,21416,372321,1
69208,23494,Directed,21417,372321,1
69208,38720,Directed,21418,372321,1
69208,24349,Directed,21419,372321,1
69208,7654,Directed,21420,372321,1
69208,85699,Directed,21421,372321,1
69208,98036,Directed,21422,372321,1
69208,32455,Directed,21423,372321,1
69208,91032,Directed,21424,372321,1
69208,6897,Directed,21425,372321,1
69208,51077,Directed,21426,372321,1
69208,13633,Directed,21427,372321,1
69208,48273,Directed,21428,372322,1
71475,10234,Directed,21429,1002226,1
71475,75572,Directed,21430,1002226,1
71475,50788,Directed,21431,1002226,1
71475,8847,Directed,21432,1002226,1
71475,34483,Directed,21433,1002227,1
71475,72492,Directed,21434,1002227,1
71475,54332,Directed,21435,1002227,1
75076,30252,Directed,21436,420044,1
75076,50080,Directed,21437,420044,1
75076,98057,Directed,21438,420044,1
75076,30180,Directed,21439,420044,1
75076,92527,Directed,21440,420044,1
75076,24618,Directed,21441,420044,1
75076,6644,Directed,21442,420044,1
75076,24841,Directed,21443,420044,1
75076,20067,Directed,21444,420044,1
75076,6646,Directed,21445,420044,1
75076,90581,Directed,21446,420044,1
75076,50112,Directed,21447,420044,1
75076,75668,Directed,21448,420044,1
75076,66439,Directed,21449,420044,1
75076,16595,Directed,21450,420044,1
75076,71373,Directed,21451,420045,1
75076,49051,Directed,21452,420045,1
75076,34544,Directed,21453,420045,1
75076,1512,Directed,21454,420045,1
82930,82726,Directed,21455,779884,1
82930,72794,Directed,21456,779884,1
82930,43090,Directed,21457,779884,1
82930,16422,Directed,21458,779884,1
82930,85116,Directed,21459,779884,1
82930,83961,Directed,21460,779884,1
82930,29156,Directed,21461,779884,1
82930,89577,Directed,21462,779884,1
82930,45031,Directed,21463,779884,1
82930,67096,Directed,21464,779885,1
13919,53522,Directed,21465,323248,1
13919,61430,Directed,21466,323248,1
13919,33512,Directed,21467,323248,1
13919,45513,Directed,21468,323248,1
13919,90767,Directed,21469,323248,1
13919,11846,Directed,21470,323248,1
13919,25667,Directed,21471,323248,1
13919,27636,Directed,21472,323248,1
13919,63975,Directed,21473,323248,1
13919,50139,Directed,21474,323248,1
13919,86945,Directed,21475,323248,1
13919,87092,Directed,21476,323248,1
13919,68015,Directed,21477,323248,1
13919,79614,Directed,21478,323248,1
13919,31440,Directed,21479,323248,1
13919,57534,Directed,21480,323248,1
13919,26472,Directed,21481,323248,1
13919,6984,Directed,21482,323248,1
13919,33911,Directed,21483,323248,1
13919,44716,Directed,21484,323248,1
13919,57919,Directed,21485,323248,1
13919,95350,Directed,21486,323248,1
13919,95241,Directed,21487,323248,1
13919,59719,Directed,21488,323249,1
42454,32893,Directed,21489,7270189,1
32893,30530,Directed,21490,7270189,1
30530,36647,Directed,21491,7270189,1
36647,64269,Directed,21492,7270189,1
64269,48051,Directed,21493,7270189,1
48051,1970,Directed,21494,7270189,1
44881,76348,Directed,21495,5983503,1
76348,96871,Directed,21496,5983503,1
96871,70897,Directed,21497,5983503,1
70897,98417,Directed,21498,5983503,1
98417,77678,Directed,21499,5983503,1
77678,98047,Directed,21500,5983503,1
98047,60563,Directed,21501,5983503,1
60563,414,Directed,21502,5983503,1
414,84965,Directed,21503,5983503,1
58314,96855,Directed,21504,6944610,1
96855,92885,Directed,21505,6944610,1
92885,85539,Directed,21506,6944610,1
85539,74228,Directed,21507,6944610,1
74228,35778,Directed,21508,6944610,1
35778,66713,Directed,21509,6944610,1
66713,8567,Directed,21510,6944610,1
8567,87555,Directed,21511,6944610,1
87555,91021,Directed,21512,6944610,1
91021,59712,Directed,21513,6944610,1
59712,33274,Directed,21514,6944610,1
33274,95242,Directed,21515,6944610,1
95242,70731,Directed,21516,6944610,1
70731,41780,Directed,21517,6944610,1
41780,35225,Directed,21518,6944610,1
35225,47114,Directed,21519,6944610,1
47114,13272,Directed,21520,6944610,1
13272,5645,Directed,21521,6944610,1
5645,70436,Directed,21522,6944610,1
70436,2802,Directed,21523,6944610,1
2802,87433,Directed,21524,6944610,1
87433,90992,Directed,21525,6944610,1
90992,4943,Directed,21526,6944610,1
83481,18652,Directed,21527,7259213,1
18652,46559,Directed,21528,7259213,1
46559,82128,Directed,21529,7259213,1
82128,35540,Directed,21530,7259213,1
35540,48703,Directed,21531,7259213,1
48703,4689,Directed,21532,7259213,1
4689,73081,Directed,21533,7259213,1
73081,43005,Directed,21534,7259213,1
43005,23718,Directed,21535,7259213,1
23718,75731,Directed,21536,7259213,1
75731,13541,Directed,21537,7259213,1
13541,86616,Directed,21538,7259213,1
86616,30351,Directed,21539,7259213,1
30351,54421,Directed,21540,7259213,1
54421,71902,Directed,21541,7259213,1
71902,89585,Directed,21542,7259213,1
89585,62633,Directed,21543,7259213,1
62633,51413,Directed,21544,7259213,1
51413,51492,Directed,21545,7259213,1
51492,67532,Directed,21546,7259213,1
67532,20238,Directed,21547,7259213,1
20238,95209,Directed,21548,7259213,1
95209,12159,Directed,21549,7259213,1
12159,31132,Directed,21550,7259213,1
51905,83520,Directed,21551,7042628,1
83520,21933,Directed,21552,7042628,1
21933,28680,Directed,21553,7042628,1
28680,61453,Directed,21554,7042628,1
61453,99444,Directed,21555,7042628,1
99444,25410,Directed,21556,7042628,1
25410,98222,Directed,21557,7042628,1
98222,48954,Directed,21558,7042628,1
48954,62123,Directed,21559,7042628,1
62123,1008,Directed,21560,7042628,1
1008,19795,Directed,21561,7042628,1
19795,36123,Directed,21562,7042628,1
47590,16290,Directed,21563,7130066,1
16290,12859,Directed,21564,7130066,1
12859,60685,Directed,21565,7130066,1
60685,93590,Directed,21566,7130066,1
93590,41731,Directed,21567,7130066,1
41731,59544,Directed,21568,7130066,1
59544,34132,Directed,21569,7130066,1
34132,28150,Directed,21570,7130066,1
28150,44752,Directed,21571,7130066,1
44752,63384,Directed,21572,7130066,1
63384,28424,Directed,21573,7130066,1
28424,17067,Directed,21574,7130066,1
17067,61320,Directed,21575,7130066,1
61320,11181,Directed,21576,7130066,1
70212,19597,Directed,21577,7474036,1
19597,1265,Directed,21578,7474036,1
1265,66955,Directed,21579,7474036,1
66955,47361,Directed,21580,7474036,1
47361,55499,Directed,21581,7474036,1
55499,37773,Directed,21582,7474036,1
37773,25554,Directed,21583,7474036,1
25554,59135,Directed,21584,7474036,1
59135,50648,Directed,21585,7474036,1
50648,67134,Directed,21586,7474036,1
67134,98434,Directed,21587,7474036,1
98434,15793,Directed,21588,7474036,1
15793,28005,Directed,21589,7474036,1
28005,77462,Directed,21590,7474036,1
31270,93784,Directed,21591,7629866,1
93784,12394,Directed,21592,7629866,1
12394,12290,Directed,21593,7629866,1
12290,31377,Directed,21594,7629866,1
31377,45615,Directed,21595,7629866,1
45615,18899,Directed,21596,7629866,1
18899,79698,Directed,21597,7629866,1
79698,5891,Directed,21598,7629866,1
5891,27880,Directed,21599,7629866,1
29182,4588,Directed,21600,7881878,1
4588,30874,Directed,21601,7881878,1
30874,10085,Directed,21602,7881878,1
10085,75200,Directed,21603,7881878,1
75200,90043,Directed,21604,7881878,1
90043,18262,Directed,21605,7881878,1
18262,27723,Directed,21606,7881878,1
27723,76733,Directed,21607,7881878,1
76733,60635,Directed,21608,7881878,1
60635,79115,Directed,21609,7881878,1
79115,81153,Directed,21610,7881878,1
81153,61280,Directed,21611,7881878,1
61280,70824,Directed,21612,7881878,1
25682,59982,Directed,21613,5505135,1
59982,87061,Directed,21614,5505135,1
87061,55735,Directed,21615,5505135,1
55735,81463,Directed,21616,5505135,1
81463,29791,Directed,21617,5505135,1
29791,84810,Directed,21618,5505135,1
84810,18415,Directed,21619,5505135,1
18415,40262,Directed,21620,5505135,1
40262,91800,Directed,21621,5505135,1
91800,78720,Directed,21622,5505135,1
78720,23436,Directed,21623,5505135,1
23436,23329,Directed,21624,5505135,1
23329,77289,Directed,21625,5505135,1
77289,24637,Directed,21626,5505135,1
24637,23120,Directed,21627,5505135,1
23120,23021,Directed,21628,5505135,1
23021,35384,Directed,21629,5505135,1
35384,36942,Directed,21630,5505135,1
36942,44071,Directed,21631,5505135,1
44071,6211,Directed,21632,5505135,1
6211,40833,Directed,21633,5505135,1
40833,69782,Directed,21634,5505135,1
69782,1906,Directed,21635,5505135,1
39185,10202,Directed,21636,5004735,1
10202,8566,Directed,21637,5004735,1
8566,68275,Directed,21638,5004735,1
68275,54367,Directed,21639,5004735,1
54367,31610,Directed,21640,5004735,1
31610,65175,Directed,21641,5004735,1
65175,2349,Directed,21642,5004735,1
2349,59772,Directed,21643,5004735,1
59772,91404,Directed,21644,5004735,1
91404,54988,Directed,21645,5004735,1
54988,88062,Directed,21646,5004735,1
88062,51626,Directed,21647,5004735,1
51626,12781,Directed,21648,5004735,1
20849,70229,Directed,21649,5820894,1
70229,355,Directed,21650,5820894,1
355,32083,Directed,21651,5820894,1
32083,7844,Directed,21652,5820894,1
7844,57355,Directed,21653,5820894,1
57355,23333,Directed,21654,5820894,1
23333,51985,Directed,21655,5820894,1
51985,90802,Directed,21656,5820894,1
90802,27855,Directed,21657,5820894,1
27855,22279,Directed,21658,5820894,1
22279,78391,Directed,21659,5820894,1
78391,65372,Directed,21660,5820894,1
65372,8719,Directed,21661,5820894,1
8719,59910,Directed,21662,5820894,1
59910,18263,Directed,21663,5820894,1
18263,48977,Directed,21664,5820894,1
48977,90823,Directed,21665,5820894,1
90823,92278,Directed,21666,5820894,1
92278,59150,Directed,21667,5820894,1
59150,55884,Directed,21668,5820894,1
55884,15913,Directed,21669,5820894,1
15913,99193,Directed,21670,5820894,1
99193,2405,Directed,21671,5820894,1
30553,89924,Directed,21672,7013498,1
89924,75789,Directed,21673,7013498,1
75789,8475,Directed,21674,7013498,1
8475,68269,Directed,21675,7013498,1
68269,17819,Directed,21676,7013498,1
17819,9884,Directed,21677,7013498,1
9884,95983,Directed,21678,7013498,1
95983,56458,Directed,21679,7013498,1
56458,22341,Directed,21680,7013498,1
22341,636,Directed,21681,7013498,1
636,63148,Directed,21682,7013498,1
63148,89382,Directed,21683,7013498,1
89382,44038,Directed,21684,7013498,1
44038,49500,Directed,21685,7013498,1
49500,89628,Directed,21686,7013498,1
89628,68940,Directed,21687,7013498,1
68940,8637,Directed,21688,7013498,1
8637,38215,Directed,21689,7013498,1
38215,35484,Directed,21690,7013498,1
35484,3185,Directed,21691,7013498,1
3185,46114,Directed,21692,7013498,1
85457,50028,Directed,21693,5523379,1
50028,56742,Directed,21694,5523379,1
56742,1366,Directed,21695,5523379,1
1366,3381,Directed,21696,5523379,1
3381,50866,Directed,21697,5523379,1
50866,62749,Directed,21698,5523379,1
62749,3912,Directed,21699,5523379,1
3912,62828,Directed,21700,5523379,1
62828,62413,Directed,21701,5523379,1
62413,8657,Directed,21702,5523379,1
8657,57832,Directed,21703,5523379,1
57832,82169,Directed,21704,5523379,1
82169,36275,Directed,21705,5523379,1
36275,18972,Directed,21706,5523379,1
18972,62001,Directed,21707,5523379,1
62001,50177,Directed,21708,5523379,1
50177,94708,Directed,21709,5523379,1
94708,41032,Directed,21710,5523379,1
41032,30699,Directed,21711,5523379,1
30699,97635,Directed,21712,5523379,1
97635,90379,Directed,21713,5523379,1
73532,58640,Directed,21714,6654803,1
58640,1577,Directed,21715,6654803,1
1577,84551,Directed,21716,6654803,1
84551,97738,Directed,21717,6654803,1
97738,92460,Directed,21718,6654803,1
92460,6599,Directed,21719,6654803,1
6599,32997,Directed,21720,6654803,1
32997,57384,Directed,21721,6654803,1
57384,42460,Directed,21722,6654803,1
42460,32346,Directed,21723,6654803,1
32346,26734,Directed,21724,6654803,1
26734,78224,Directed,21725,6654803,1
78224,64582,Directed,21726,6654803,1
64582,57711,Directed,21727,6654803,1
57711,89866,Directed,21728,6654803,1
89866,9408,Directed,21729,6654803,1
9408,47099,Directed,21730,6654803,1
47099,28292,Directed,21731,6654803,1
28292,24583,Directed,21732,6654803,1
24583,94580,Directed,21733,6654803,1
94580,98137,Directed,21734,6654803,1
98137,52566,Directed,21735,6654803,1
52566,8509,Directed,21736,6654803,1
8509,82804,Directed,21737,6654803,1
61330,80052,Directed,21738,7012527,1
80052,52054,Directed,21739,7012527,1
52054,75252,Directed,21740,7012527,1
75252,94658,Directed,21741,7012527,1
94658,29555,Directed,21742,7012527,1
29555,83209,Directed,21743,7012527,1
83209,25531,Directed,21744,7012527,1
25531,37485,Directed,21745,7012527,1
37485,52245,Directed,21746,7012527,1
52245,27205,Directed,21747,7012527,1
27205,7012,Directed,21748,7012527,1
34166,99897,Directed,21749,6763814,1
99897,90762,Directed,21750,6763814,1
90762,94652,Directed,21751,6763814,1
94652,294,Directed,21752,6763814,1
294,42293,Directed,21753,6763814,1
57833,5702,Directed,21754,5815280,1
5702,65057,Directed,21755,5815280,1
65057,8971,Directed,21756,5815280,1
8971,71695,Directed,21757,5815280,1
71695,40056,Directed,21758,5815280,1
40056,65904,Directed,21759,5815280,1
65904,38537,Directed,21760,5815280,1
38537,93771,Directed,21761,5815280,1
93771,48889,Directed,21762,5815280,1
48889,37799,Directed,21763,5815280,1
37799,78632,Directed,21764,5815280,1
78632,66144,Directed,21765,5815280,1
66144,55902,Directed,21766,5815280,1
55902,46192,Directed,21767,5815280,1
46192,92695,Directed,21768,5815280,1
92695,9761,Directed,21769,5815280,1
9761,73630,Directed,21770,5815280,1
73630,79987,Directed,21771,5815280,1
79987,9368,Directed,21772,5815280,1
9368,88486,Directed,21773,5815280,1
88486,66606,Directed,21774,5815280,1
66606,35053,Directed,21775,5815280,1
35053,50985,Directed,21776,5815280,1
50985,88714,Directed,21777,5815280,1
95835,53518,Directed,21778,7952497,1
53518,60865,Directed,21779,7952497,1
60865,67506,Directed,21780,7952497,1
67506,41341,Directed,21781,7952497,1
41341,25679,Directed,21782,7952497,1
3961,76162,Directed,21783,6850595,1
76162,71574,Directed,21784,6850595,1
71574,67662,Directed,21785,6850595,1
67662,57384,Directed,21786,6850595,1
57384,90524,Directed,21787,6850595,1
68625,17909,Directed,21788,6615328,1
17909,38002,Directed,21789,6615328,1
38002,56721,Directed,21790,6615328,1
56721,33784,Directed,21791,6615328,1
33784,51575,Directed,21792,6615328,1
51575,78164,Directed,21793,6615328,1
78164,93853,Directed,21794,6615328,1
93853,76022,Directed,21795,6615328,1
76022,19634,Directed,21796,6615328,1
66897,87520,Directed,21797,6421783,1
87520,87615,Directed,21798,6421783,1
87615,52483,Directed,21799,6421783,1
52483,76267,Directed,21800,6421783,1
76267,45383,Directed,21801,6421783,1
45383,5110,Directed,21802,6421783,1
5110,62286,Directed,21803,6421783,1
62286,81909,Directed,21804,6421783,1
81909,26650,Directed,21805,6421783,1
26650,63119,Directed,21806,6421783,1
63119,41122,Directed,21807,6421783,1
41122,54119,Directed,21808,6421783,1
54119,97966,Directed,21809,6421783,1
950,88357,Directed,21810,6493011,1
88357,96627,Directed,21811,6493011,1
96627,71881,Directed,21812,6493011,1
71881,10608,Directed,21813,6493011,1
10608,16272,Directed,21814,6493011,1
16272,62981,Directed,21815,6493011,1
62981,11695,Directed,21816,6493011,1
11695,74486,Directed,21817,6493011,1
74486,38258,Directed,21818,6493011,1
38258,93492,Directed,21819,6493011,1
93492,2466,Directed,21820,6493011,1
2466,44313,Directed,21821,6493011,1
44313,37630,Directed,21822,6493011,1
37630,98242,Directed,21823,6493011,1
98242,15558,Directed,21824,6493011,1
15558,81278,Directed,21825,6493011,1
14363,95594,Directed,21826,5972619,1
95594,35300,Directed,21827,5972619,1
35300,1991,Directed,21828,5972619,1
1991,82483,Directed,21829,5972619,1
82483,63326,Directed,21830,5972619,1
63326,70242,Directed,21831,5972619,1
70242,63810,Directed,21832,5972619,1
63810,22306,Directed,21833,5972619,1
21038,16863,Directed,21834,6352694,1
16863,38558,Directed,21835,6352694,1
38558,57768,Directed,21836,6352694,1
57768,9810,Directed,21837,6352694,1
9810,51713,Directed,21838,6352694,1
51713,61936,Directed,21839,6352694,1
61936,68283,Directed,21840,6352694,1
68283,51673,Directed,21841,6352694,1
51673,65837,Directed,21842,6352694,1
65837,26663,Directed,21843,6352694,1
45741,44840,Directed,21844,7422956,1
44840,15517,Directed,21845,7422956,1
15517,7654,Directed,21846,7422956,1
7654,86315,Directed,21847,7422956,1
86315,46239,Directed,21848,7422956,1
46239,96888,Directed,21849,7422956,1
96888,43458,Directed,21850,7422956,1
43458,10997,Directed,21851,7422956,1
10997,33473,Directed,21852,7422956,1
33473,32740,Directed,21853,7422956,1
32740,9490,Directed,21854,7422956,1
9490,56185,Directed,21855,7422956,1
56185,32420,Directed,21856,7422956,1
32420,77936,Directed,21857,7422956,1
77936,78819,Directed,21858,7422956,1
78819,47111,Directed,21859,7422956,1
47111,34947,Directed,21860,7422956,1
34947,55838,Directed,21861,7422956,1
55838,13410,Directed,21862,7422956,1
13410,95198,Directed,21863,7422956,1
95198,76344,Directed,21864,7422956,1
76344,23503,Directed,21865,7422956,1
23503,74586,Directed,21866,7422956,1
74586,22963,Directed,21867,7422956,1
44827,27662,Directed,21868,5268988,1
27662,92734,Directed,21869,5268988,1
92734,63730,Directed,21870,5268988,1
63730,77073,Directed,21871,5268988,1
77073,33133,Directed,21872,5268988,1
33133,43171,Directed,21873,5268988,1
10560,16835,Directed,21874,7621775,1
16835,58819,Directed,21875,7621775,1
58819,55033,Directed,21876,7621775,1
55033,86948,Directed,21877,7621775,1
86948,31965,Directed,21878,7621775,1
31965,69542,Directed,21879,7621775,1
69542,74761,Directed,21880,7621775,1
74761,78808,Directed,21881,7621775,1
78808,24306,Directed,21882,7621775,1
24306,23199,Directed,21883,7621775,1
23199,65145,Directed,21884,7621775,1
65145,96091,Directed,21885,7621775,1
96091,46638,Directed,21886,7621775,1
46638,50729,Directed,21887,7621775,1
50729,90209,Directed,21888,7621775,1
90209,75622,Directed,21889,7621775,1
75622,73215,Directed,21890,7621775,1
73215,89274,Directed,21891,7621775,1
89274,64868,Directed,21892,7621775,1
64868,99007,Directed,21893,7621775,1
99007,77724,Directed,21894,7621775,1
77724,46022,Directed,21895,7621775,1
58107,95867,Directed,21896,6937925,1
95867,98698,Directed,21897,6937925,1
98698,67570,Directed,21898,6937925,1
67570,32548,Directed,21899,6937925,1
32548,55468,Directed,21900,6937925,1
55468,4017,Directed,21901,6937925,1
4017,33174,Directed,21902,6937925,1
33174,81173,Directed,21903,6937925,1
81173,48265,Directed,21904,6937925,1
34989,47569,Directed,21905,5806795,1
47569,54151,Directed,21906,5806795,1
54151,44075,Directed,21907,5806795,1
44075,55646,Directed,21908,5806795,1
55646,86023,Directed,21909,5806795,1
86023,65468,Directed,21910,5806795,1
65468,70267,Directed,21911,5806795,1
70267,93794,Directed,21912,5806795,1
93794,98765,Directed,21913,5806795,1
98765,75873,Directed,21914,5806795,1
75873,57428,Directed,21915,5806795,1
57428,55403,Directed,21916,5806795,1
55403,21474,Directed,21917,5806795,1
21474,47698,Directed,21918,5806795,1
47698,82632,Directed,21919,5806795,1
21697,31137,Directed,21920,6738027,1
31137,57938,Directed,21921,6738027,1
57938,41703,Directed,21922,6738027,1
41703,46047,Directed,21923,6738027,1
46047,74994,Directed,21924,6738027,1
74994,23866,Directed,21925,6738027,1
23866,91137,Directed,21926,6738027,1
91137,12080,Directed,21927,6738027,1
12080,67573,Directed,21928,6738027,1
67573,21941,Directed,21929,6738027,1
21941,76094,Directed,21930,6738027,1
76094,78341,Directed,21931,6738027,1
78341,81126,Directed,21932,6738027,1
81126,2720,Directed,21933,6738027,1
2720,12602,Directed,21934,6738027,1
12602,39850,Directed,21935,6738027,1
39850,12122,Directed,21936,6738027,1
13911,92420,Directed,21937,7525659,1
92420,31871,Directed,21938,7525659,1
31871,861,Directed,21939,7525659,1
861,56503,Directed,21940,7525659,1
56503,12445,Directed,21941,7525659,1
12445,97343,Directed,21942,7525659,1
97343,12363,Directed,21943,7525659,1
12363,60363,Directed,21944,7525659,1
60363,29297,Directed,21945,7525659,1
29297,27522,Directed,21946,7525659,1
27522,59201,Directed,21947,7525659,1
59201,38897,Directed,21948,7525659,1
38897,24193,Directed,21949,7525659,1
24193,31031,Directed,21950,7525659,1
31031,51196,Directed,21951,7525659,1
51196,92222,Directed,21952,7525659,1
92222,78300,Directed,21953,7525659,1
3508,28046,Directed,21954,328814,1
13772,28046,Directed,21955,328814,1
75661,28046,Directed,21956,328814,1
46526,28046,Directed,21957,328814,1
34227,28046,Directed,21958,328814,1
3714,28046,Directed,21959,328814,1
2658,28046,Directed,21960,328814,1
8221,28046,Directed,21961,328814,1
23177,28046,Directed,21962,328814,1
6847,28046,Directed,21963,328814,1
70416,28046,Directed,21964,328814,1
67248,28046,Directed,21965,328814,1
93447,28046,Directed,21966,328814,1
45366,28046,Directed,21967,328814,1
91907,28046,Directed,21968,328814,1
89933,28046,Directed,21969,328814,1
48369,28046,Directed,21970,328814,1
26481,28046,Directed,21971,328815,1
82518,28046,Directed,21972,328815,1
87410,90946,Directed,21973,222031,1
63097,90946,Directed,21974,222031,1
66494,90946,Directed,21975,222031,1
18860,90946,Directed,21976,222031,1
77175,90946,Directed,21977,222032,1
20337,90946,Directed,21978,222032,1
91453,90946,Directed,21979,222032,1
50842,90946,Directed,21980,222032,1
92791,90946,Directed,21981,222032,1
13618,90946,Directed,21982,222032,1
54048,90946,Directed,21983,222032,1
83487,90946,Directed,21984,222032,1
23289,90946,Directed,21985,222032,1
1133,90946,Directed,21986,222032,1
24249,90946,Directed,21987,222032,1
16422,90946,Directed,21988,222032,1
82454,90946,Directed,21989,222032,1
23803,90946,Directed,21990,222032,1
19584,90946,Directed,21991,222032,1
67950,90946,Directed,21992,222032,1
34685,90946,Directed,21993,222032,1
98981,90946,Directed,21994,222032,1
17988,90946,Directed,21995,222032,1
185,6477,Directed,21996,518689,1
58026,6477,Directed,21997,518689,1
73371,6477,Directed,21998,518689,1
64845,6477,Directed,21999,518689,1
58869,6477,Directed,22000,518689,1
78041,6477,Directed,22001,518689,1
8400,6477,Directed,22002,518689,1
3361,6477,Directed,22003,518689,1
94130,6477,Directed,22004,518689,1
47205,6477,Directed,22005,518689,1
23636,6477,Directed,22006,518689,1
19626,6477,Directed,22007,518689,1
14656,6477,Directed,22008,518690,1
46307,6477,Directed,22009,518690,1
26783,6477,Directed,22010,518690,1
77238,61346,Directed,22011,288350,1
33443,61346,Directed,22012,288350,1
3092,61346,Directed,22013,288350,1
38007,61346,Directed,22014,288350,1
23784,61346,Directed,22015,288350,1
46627,61346,Directed,22016,288350,1
88916,61346,Directed,22017,288350,1
86756,61346,Directed,22018,288350,1
64716,61346,Directed,22019,288350,1
84051,61346,Directed,22020,288350,1
82508,61346,Directed,22021,288350,1
61286,61346,Directed,22022,288350,1
99179,61346,Directed,22023,288350,1
20814,61346,Directed,22024,288350,1
19682,61346,Directed,22025,288350,1
52890,61346,Directed,22026,288350,1
53113,61346,Directed,22027,288350,1
98174,61346,Directed,22028,288350,1
53589,61346,Directed,22029,288350,1
20451,61346,Directed,22030,288350,1
19833,61346,Directed,22031,288351,1
33427,61346,Directed,22032,288351,1
7181,61346,Directed,22033,288351,1
92983,61346,Directed,22034,288351,1
68789,18165,Directed,22035,1342478,1
21067,18165,Directed,22036,1342478,1
65809,18165,Directed,22037,1342478,1
83145,18165,Directed,22038,1342479,1
25563,9987,Directed,22039,652281,1
86657,9987,Directed,22040,652281,1
78922,9987,Directed,22041,652281,1
91710,9987,Directed,22042,652281,1
98646,9987,Directed,22043,652281,1
70703,9987,Directed,22044,652281,1
87579,9987,Directed,22045,652281,1
4387,9987,Directed,22046,652281,1
89776,9987,Directed,22047,652281,1
5908,9987,Directed,22048,652281,1
43528,9987,Directed,22049,652282,1
76945,59470,Directed,22050,335914,1
64186,59470,Directed,22051,335914,1
863,59470,Directed,22052,335914,1
49822,59470,Directed,22053,335914,1
19706,59470,Directed,22054,335914,1
21777,59470,Directed,22055,335914,1
38586,59470,Directed,22056,335914,1
65014,59470,Directed,22057,335914,1
4862,59470,Directed,22058,335914,1
65944,59470,Directed,22059,335914,1
10011,59470,Directed,22060,335914,1
1916,59470,Directed,22061,335914,1
37651,59470,Directed,22062,335915,1
91064,59470,Directed,22063,335915,1
49879,59470,Directed,22064,335915,1
88336,59470,Directed,22065,335915,1
77247,59470,Directed,22066,335915,1
13183,59470,Directed,22067,335915,1
11647,59470,Directed,22068,335915,1
46359,59470,Directed,22069,335915,1
41405,59470,Directed,22070,335915,1
26097,59470,Directed,22071,335915,1
69397,59470,Directed,22072,335915,1
35866,35270,Directed,22073,335248,1
38833,35270,Directed,22074,335248,1
10607,35270,Directed,22075,335248,1
27119,35270,Directed,22076,335248,1
15486,35270,Directed,22077,335248,1
45257,35270,Directed,22078,335248,1
51984,35270,Directed,22079,335249,1
55321,35270,Directed,22080,335249,1
25847,35270,Directed,22081,335249,1
74350,35270,Directed,22082,335249,1
45645,35270,Directed,22083,335249,1
26144,35270,Directed,22084,335249,1
195,35270,Directed,22085,335249,1
67040,35270,Directed,22086,335249,1
10681,35270,Directed,22087,335249,1
67565,35270,Directed,22088,335249,1
91877,35270,Directed,22089,335249,1
41461,35270,Directed,22090,335249,1
68821,35270,Directed,22091,335249,1
80604,35270,Directed,22092,335249,1
75203,35270,Directed,22093,335249,1
80621,35270,Directed,22094,335249,1
14648,3329,Directed,22095,422087,1
33004,3329,Directed,22096,422087,1
83005,3329,Directed,22097,422087,1
91170,3329,Directed,22098,422087,1
90598,3329,Directed,22099,422087,1
45283,3329,Directed,22100,422087,1
99667,3329,Directed,22101,422087,1
43452,3329,Directed,22102,422087,1
4089,3329,Directed,22103,422087,1
54477,3329,Directed,22104,422088,1
43041,3329,Directed,22105,422088,1
56477,3329,Directed,22106,422088,1
95692,3329,Directed,22107,422088,1
34586,3329,Directed,22108,422088,1
5927,78494,Directed,22109,671096,1
26735,78494,Directed,22110,671096,1
91357,78494,Directed,22111,671096,1
2855,78494,Directed,22112,671096,1
5964,78494,Directed,22113,671096,1
97813,78494,Directed,22114,671096,1
59819,78494,Directed,22115,671096,1
14528,78494,Directed,22116,671097,1
2289,78494,Directed,22117,671097,1
86267,78494,Directed,22118,671097,1
88642,78494,Directed,22119,671097,1
8130,14943,Directed,22120,525626,1
21197,14943,Directed,22121,525626,1
19621,14943,Directed,22122,525626,1
42723,14943,Directed,22123,525627,1
79857,14943,Directed,22124,525627,1
60514,14943,Directed,22125,525627,1
44454,14943,Directed,22126,525627,1
60370,14943,Directed,22127,525627,1
2064,14943,Directed,22128,525627,1
62418,14943,Directed,22129,525627,1
11340,14943,Directed,22130,525627,1
27771,14943,Directed,22131,525627,1
18220,14943,Directed,22132,525627,1
74485,14943,Directed,22133,525627,1
6709,83988,Directed,22134,268781,1
17928,83988,Directed,22135,268781,1
27234,83988,Directed,22136,268781,1
89991,83988,Directed,22137,268781,1
56885,83988,Directed,22138,268781,1
6762,83988,Directed,22139,268781,1
18238,83988,Directed,22140,268782,1
86712,83988,Directed,22141,268782,1
45183,83988,Directed,22142,268782,1
76123,83988,Directed,22143,268782,1
17617,83988,Directed,22144,268782,1
72998,83988,Directed,22145,268782,1
52661,83988,Directed,22146,268782,1
50574,83988,Directed,22147,268782,1
18529,83988,Directed,22148,268782,1
2266,83988,Directed,22149,268782,1
48134,83988,Directed,22150,268782,1
6754,83988,Directed,22151,268782,1
11196,83988,Directed,22152,268782,1
53924,83988,Directed,22153,268782,1
58557,83988,Directed,22154,268782,1
54418,83988,Directed,22155,268782,1
39837,83988,Directed,22156,268782,1
69085,83988,Directed,22157,268782,1
13790,78030,Directed,22158,594522,1
70749,78030,Directed,22159,594522,1
12655,78030,Directed,22160,594522,1
71215,78030,Directed,22161,594523,1
20874,78030,Directed,22162,594523,1
6547,78030,Directed,22163,594523,1
71529,78030,Directed,22164,594523,1
13685,78030,Directed,22165,594523,1
82303,78030,Directed,22166,594523,1
27636,78030,Directed,22167,594523,1
97550,78030,Directed,22168,594523,1
48013,78030,Directed,22169,594523,1
66456,31163,Directed,22170,363045,1
61774,31163,Directed,22171,363046,1
34552,31163,Directed,22172,363046,1
94982,31163,Directed,22173,363046,1
65081,31163,Directed,22174,363046,1
5217,31163,Directed,22175,363046,1
25790,31163,Directed,22176,363046,1
81191,31163,Directed,22177,363046,1
57980,31163,Directed,22178,363046,1
31598,31163,Directed,22179,363046,1
37806,31163,Directed,22180,363046,1
73783,31163,Directed,22181,363046,1
91324,31163,Directed,22182,363046,1
38932,31163,Directed,22183,363046,1
52383,31163,Directed,22184,363046,1
30335,31163,Directed,22185,363046,1
87057,31163,Directed,22186,363046,1
59658,31163,Directed,22187,363046,1
62857,94670,Directed,22188,376890,1
50560,94670,Directed,22189,376890,1
78834,94670,Directed,22190,376890,1
93386,94670,Directed,22191,376890,1
24207,94670,Directed,22192,376890,1
40873,94670,Directed,22193,376890,1
52083,94670,Directed,22194,376890,1
83080,94670,Directed,22195,376890,1
80596,94670,Directed,22196,376890,1
84618,94670,Directed,22197,376890,1
572,94670,Directed,22198,376890,1
54587,94670,Directed,22199,376890,1
52697,94670,Directed,22200,376890,1
56626,94670,Directed,22201,376890,1
98788,94670,Directed,22202,376891,1
44299,94670,Directed,22203,376891,1
82471,77952,Directed,22204,288956,1
7637,77952,Directed,22205,288956,1
39500,77952,Directed,22206,288956,1
42776,77952,Directed,22207,288956,1
75872,77952,Directed,22208,288956,1
93198,77952,Directed,22209,288956,1
97709,77952,Directed,22210,288956,1
22992,77952,Directed,22211,288956,1
98881,77952,Directed,22212,288956,1
71324,77952,Directed,22213,288956,1
1126,77952,Directed,22214,288956,1
51853,77952,Directed,22215,288956,1
60346,77952,Directed,22216,288956,1
89733,77952,Directed,22217,288956,1
56678,77952,Directed,22218,288956,1
33236,77952,Directed,22219,288956,1
40198,77952,Directed,22220,288956,1
9287,77952,Directed,22221,288956,1
1549,77952,Directed,22222,288956,1
35428,77952,Directed,22223,288957,1
71059,77952,Directed,22224,288957,1
51016,77952,Directed,22225,288957,1
41568,77952,Directed,22226,288957,1
16346,77952,Directed,22227,288957,1
75319,77952,Directed,22228,288957,1
50625,77952,Directed,22229,288957,1
75610,89131,Directed,22230,349000,1
42988,89131,Directed,22231,349000,1
99078,89131,Directed,22232,349000,1
86998,89131,Directed,22233,349000,1
23147,89131,Directed,22234,349000,1
77645,89131,Directed,22235,349000,1
35651,89131,Directed,22236,349000,1
3854,89131,Directed,22237,349001,1
4443,89131,Directed,22238,349001,1
58609,89131,Directed,22239,349001,1
9735,89131,Directed,22240,349001,1
43663,89131,Directed,22241,349001,1
66349,89131,Directed,22242,349001,1
23161,89131,Directed,22243,349001,1
26248,89131,Directed,22244,349001,1
59605,89131,Directed,22245,349001,1
98642,89131,Directed,22246,349001,1
93778,89131,Directed,22247,349001,1
88746,89131,Directed,22248,349001,1
75054,89131,Directed,22249,349001,1
53219,86903,Directed,22250,215499,1
50275,86903,Directed,22251,215499,1
46184,86903,Directed,22252,215499,1
78804,86903,Directed,22253,215499,1
18690,86903,Directed,22254,215499,1
46802,86903,Directed,22255,215499,1
22049,86903,Directed,22256,215499,1
85286,86903,Directed,22257,215499,1
67817,86903,Directed,22258,215499,1
51273,86903,Directed,22259,215499,1
23801,86903,Directed,22260,215499,1
63314,86903,Directed,22261,215499,1
78644,86903,Directed,22262,215499,1
79739,86903,Directed,22263,215499,1
35926,86903,Directed,22264,215499,1
86344,86903,Directed,22265,215499,1
66835,86903,Directed,22266,215499,1
10404,86903,Directed,22267,215499,1
47413,86903,Directed,22268,215499,1
100000,86903,Directed,22269,215499,1
4348,86903,Directed,22270,215500,1
2486,86903,Directed,22271,215500,1
75059,86903,Directed,22272,215500,1
21067,86903,Directed,22273,215500,1
25848,86903,Directed,22274,215500,1
81680,86903,Directed,22275,215500,1
55920,86903,Directed,22276,215500,1
6285,18941,Directed,22277,386525,1
52830,18941,Directed,22278,386525,1
29188,18941,Directed,22279,386526,1
31821,18941,Directed,22280,386526,1
67272,18941,Directed,22281,386526,1
59142,18941,Directed,22282,386526,1
88826,18941,Directed,22283,386526,1
11058,18941,Directed,22284,386526,1
21206,18941,Directed,22285,386526,1
34047,18941,Directed,22286,386526,1
45667,18941,Directed,22287,386526,1
87623,18941,Directed,22288,386526,1
87578,18941,Directed,22289,386526,1
62587,18941,Directed,22290,386526,1
51916,18941,Directed,22291,386526,1
66755,18941,Directed,22292,386526,1
37661,18941,Directed,22293,386526,1
83585,18941,Directed,22294,386526,1
71048,18941,Directed,22295,386526,1
79112,18941,Directed,22296,386526,1
9373,86839,Directed,22297,478195,1
85972,86839,Directed,22298,478195,1
65676,86839,Directed,22299,478195,1
95970,86839,Directed,22300,478195,1
43742,86839,Directed,22301,478195,1
68061,86839,Directed,22302,478195,1
43372,86839,Directed,22303,478195,1
23506,86839,Directed,22304,478195,1
75295,86839,Directed,22305,478195,1
44499,86839,Directed,22306,478195,1
26220,86839,Directed,22307,478195,1
239,86839,Directed,22308,478195,1
58473,86839,Directed,22309,478195,1
46161,86839,Directed,22310,478195,1
17130,86839,Directed,22311,478195,1
59524,86839,Directed,22312,478196,1
89495,42168,Directed,22313,226478,1
70669,42168,Directed,22314,226479,1
4474,42168,Directed,22315,226479,1
80584,42168,Directed,22316,226479,1
84640,42168,Directed,22317,226479,1
32144,42168,Directed,22318,226479,1
5185,42168,Directed,22319,226479,1
70960,42168,Directed,22320,226479,1
14355,42168,Directed,22321,226479,1
52112,42168,Directed,22322,226479,1
5128,42168,Directed,22323,226479,1
73501,42168,Directed,22324,226479,1
9232,42168,Directed,22325,226479,1
226,42168,Directed,22326,226479,1
10195,42168,Directed,22327,226479,1
49635,42168,Directed,22328,226479,1
71600,42168,Directed,22329,226479,1
47522,42168,Directed,22330,226479,1
78150,42168,Directed,22331,226479,1
59800,42168,Directed,22332,226479,1
6953,42168,Directed,22333,226479,1
26096,42168,Directed,22334,226479,1
33510,42168,Directed,22335,226479,1
67834,42168,Directed,22336,226479,1
12431,42168,Directed,22337,226479,1
14309,42168,Directed,22338,226479,1
73320,42168,Directed,22339,226479,1
53121,42168,Directed,22340,226479,1
3821,73055,Directed,22341,361845,1
89816,73055,Directed,22342,361845,1
81540,73055,Directed,22343,361845,1
10402,73055,Directed,22344,361845,1
36990,73055,Directed,22345,361845,1
63802,73055,Directed,22346,361845,1
23082,73055,Directed,22347,361845,1
11910,73055,Directed,22348,361845,1
99260,73055,Directed,22349,361845,1
12887,73055,Directed,22350,361845,1
81705,73055,Directed,22351,361845,1
40037,73055,Directed,22352,361845,1
52430,73055,Directed,22353,361845,1
26886,73055,Directed,22354,361845,1
30057,73055,Directed,22355,361846,1
97808,73055,Directed,22356,361846,1
57246,73055,Directed,22357,361846,1
63442,73055,Directed,22358,361846,1
28552,73055,Directed,22359,361846,1
90899,73055,Directed,22360,361846,1
77466,73055,Directed,22361,361846,1
97143,42594,Directed,22362,2011892,1
99212,42594,Directed,22363,2011892,1
14095,42594,Directed,22364,2011893,1
8956,51149,Directed,22365,316128,1
23219,51149,Directed,22366,316128,1
16917,51149,Directed,22367,316128,1
42439,51149,Directed,22368,316128,1
2896,51149,Directed,22369,316128,1
68239,51149,Directed,22370,316128,1
3529,51149,Directed,22371,316128,1
65351,51149,Directed,22372,316129,1
246,51149,Directed,22373,316129,1
8822,51149,Directed,22374,316129,1
41031,51149,Directed,22375,316129,1
6120,51149,Directed,22376,316129,1
22046,51149,Directed,22377,316129,1
46198,51149,Directed,22378,316129,1
19397,51149,Directed,22379,316129,1
1650,51149,Directed,22380,316129,1
12013,51149,Directed,22381,316129,1
4530,51149,Directed,22382,316129,1
46889,51149,Directed,22383,316129,1
26364,51149,Directed,22384,316129,1
48021,51149,Directed,22385,316129,1
40267,51149,Directed,22386,316129,1
15746,83790,Directed,22387,274712,1
15100,83790,Directed,22388,274712,1
58428,83790,Directed,22389,274712,1
61733,83790,Directed,22390,274712,1
85462,83790,Directed,22391,274713,1
6281,83790,Directed,22392,274713,1
26416,83790,Directed,22393,274713,1
49391,83790,Directed,22394,274713,1
63679,83790,Directed,22395,274713,1
56410,83790,Directed,22396,274713,1
9277,83790,Directed,22397,274713,1
29754,83790,Directed,22398,274713,1
26579,83790,Directed,22399,274713,1
26448,83790,Directed,22400,274713,1
8654,83790,Directed,22401,274713,1
52096,83790,Directed,22402,274713,1
99754,83790,Directed,22403,274713,1
14613,83790,Directed,22404,274713,1
24405,83790,Directed,22405,274713,1
20261,83790,Directed,22406,274713,1
15988,83790,Directed,22407,274713,1
59891,83790,Directed,22408,274713,1
78832,83790,Directed,22409,274713,1
9614,83790,Directed,22410,274713,1
88290,83790,Directed,22411,274713,1
77370,83790,Directed,22412,274713,1
58669,83790,Directed,22413,274713,1
728,83790,Directed,22414,274713,1
64353,74713,Directed,22415,1310436,1
17894,74713,Directed,22416,1310436,1
40237,74713,Directed,22417,1310437,1
58854,74713,Directed,22418,1310437,1
56874,74713,Directed,22419,1310437,1
52734,74713,Directed,22420,1310437,1
32713,77508,Directed,22421,445248,1
71486,77508,Directed,22422,445248,1
20358,77508,Directed,22423,445248,1
77549,77508,Directed,22424,445248,1
92740,77508,Directed,22425,445248,1
37414,77508,Directed,22426,445248,1
48631,77508,Directed,22427,445248,1
58492,77508,Directed,22428,445248,1
71160,77508,Directed,22429,445248,1
57896,77508,Directed,22430,445249,1
22313,77508,Directed,22431,445249,1
80105,77508,Directed,22432,445249,1
76977,77508,Directed,22433,445249,1
90128,77508,Directed,22434,445249,1
41512,77508,Directed,22435,445249,1
69445,77508,Directed,22436,445249,1
99359,77508,Directed,22437,445249,1
89799,95498,Directed,22438,281506,1
8439,95498,Directed,22439,281506,1
60722,95498,Directed,22440,281506,1
59359,95498,Directed,22441,281506,1
56249,95498,Directed,22442,281506,1
60661,95498,Directed,22443,281506,1
6752,95498,Directed,22444,281506,1
73912,95498,Directed,22445,281506,1
65179,95498,Directed,22446,281506,1
14146,95498,Directed,22447,281506,1
14092,95498,Directed,22448,281506,1
862,95498,Directed,22449,281506,1
28267,95498,Directed,22450,281506,1
51514,95498,Directed,22451,281506,1
14126,95498,Directed,22452,281506,1
53999,95498,Directed,22453,281506,1
95231,95498,Directed,22454,281506,1
25156,95498,Directed,22455,281506,1
95979,95498,Directed,22456,281507,1
71687,95498,Directed,22457,281507,1
66923,95498,Directed,22458,281507,1
5780,95498,Directed,22459,281507,1
84359,95498,Directed,22460,281507,1
82135,95498,Directed,22461,281507,1
15214,95498,Directed,22462,281507,1
4986,95498,Directed,22463,281507,1
89938,95498,Directed,22464,281507,1
8764,60280,Directed,22465,2124536,0
76487,57212,Directed,22466,3973331,0
37401,37131,Directed,22467,4689663,0
5490,51446,Directed,22468,6080470,0
4859,19283,Directed,22469,277215,0
13983,54664,Directed,22470,4793288,0
41370,78452,Directed,22471,6531605,0
44836,49597,Directed,22472,1893610,0
19236,29620,Directed,22473,1457754,0
11620,41819,Directed,22474,6086012,0
16286,61097,Directed,22475,2501756,0
27507,80925,Directed,22476,1262145,0
23347,54049,Directed,22477,980693,0
29492,43138,Directed,22478,1335905,0
39266,82238,Directed,22479,2405323,0
94234,25797,Directed,22480,1735501,0
61010,28003,Directed,22481,4708816,0
95582,96373,Directed,22482,5458852,0
97892,34278,Directed,22483,6194378,0
12652,94211,Directed,22484,5644467,0
51792,52614,Directed,22485,567299,0
29947,29996,Directed,22486,1153116,0
18803,7426,Directed,22487,6375559,0
31287,85814,Directed,22488,266502,0
16409,32349,Directed,22489,4478012,0
33979,40273,Directed,22490,1030238,0
93407,56028,Directed,22491,3478319,0
70010,37329,Directed,22492,4813926,0
66916,54497,Directed,22493,3424435,0
62348,17345,Directed,22494,6421415,0
93710,45806,Directed,22495,3012335,0
35086,36839,Directed,22496,4266693,0
45526,18743,Directed,22497,395032,0
99751,17283,Directed,22498,6139986,0
5499,88631,Directed,22499,3152907,0
86622,61158,Directed,22500,5748999,0
94485,13021,Directed,22501,6403504,0
63307,35542,Directed,22502,6360313,0
95376,59438,Directed,22503,5072865,0
86807,13105,Directed,22504,4582171,0
88920,71196,Directed,22505,2059672,0
334,28048,Directed,22506,4628330,0
17447,12872,Directed,22507,1797725,0
98282,7583,Directed,22508,1218243,0
31654,50710,Directed,22509,3368585,0
11850,55033,Directed,22510,4040477,0
93901,10853,Directed,22511,2387903,0
32093,32298,Directed,22512,2529811,0
58094,16511,Directed,22513,737413,0
7480,80408,Directed,22514,4973740,0
9700,51915,Directed,22515,4234770,0
1841,83673,Directed,22516,99015,0
9841,832,Directed,22517,5185606,0
41634,98596,Directed,22518,2262363,0
2476,92988,Directed,22519,4942500,0
6380,80401,Directed,22520,630852,0
45330,42228,Directed,22521,5622169,0
47807,45676,Directed,22522,3597983,0
52358,10910,Directed,22523,270079,0
45465,7187,Directed,22524,5102151,0
12533,90499,Directed,22525,716889,0
83100,3425,Directed,22526,5940457,0
62379,26827,Directed,22527,3083877,0
23867,33114,Directed,22528,1013817,0
1683,96773,Directed,22529,6468847,0
99938,85146,Directed,22530,68412,0
60976,5502,Directed,22531,5902402,0
96739,93138,Directed,22532,6708425,0
41277,41940,Directed,22533,2814402,0
18561,99227,Directed,22534,144129,0
74876,82022,Directed,22535,2086414,0
11942,44430,Directed,22536,4085522,0
22427,58899,Directed,22537,4687751,0
66575,48350,Directed,22538,205063,0
48345,52387,Directed,22539,6423218,0
68313,41261,Directed,22540,6820416,0
71399,97607,Directed,22541,2854607,0
29367,65274,Directed,22542,6525482,0
86475,57603,Directed,22543,4987131,0
67051,427,Directed,22544,6696099,0
4944,15821,Directed,22545,2326034,0
86515,54356,Directed,22546,3994096,0
94865,71432,Directed,22547,2717636,0
21769,2665,Directed,22548,1192521,0
37691,91694,Directed,22549,1850652,0
15889,77721,Directed,22550,3574931,0
20300,67339,Directed,22551,3617276,0
6619,22080,Directed,22552,1331102,0
16037,21259,Directed,22553,2686780,0
63509,26706,Directed,22554,2002309,0
78648,26058,Directed,22555,4421742,0
38478,38565,Directed,22556,2399232,0
78997,4416,Directed,22557,4607528,0
22294,24762,Directed,22558,4452946,0
43819,80863,Directed,22559,5178847,0
34757,15632,Directed,22560,4710952,0
35516,18230,Directed,22561,4371863,0
63240,77225,Directed,22562,4757853,0
57731,1811,Directed,22563,5955243,0
21507,13013,Directed,22564,6434292,0
80394,19157,Directed,22565,3576233,0
31696,66443,Directed,22566,3261600,0
5442,92022,Directed,22567,4287159,0
54513,40291,Directed,22568,3355181,0
45772,24950,Directed,22569,131219,0
89256,86888,Directed,22570,2167974,0
33769,56431,Directed,22571,917735,0
44595,51089,Directed,22572,4928819,0
92103,29315,Directed,22573,3107620,0
84299,14151,Directed,22574,543216,0
18125,52747,Directed,22575,5074243,0
47071,72753,Directed,22576,3768592,0
67019,21135,Directed,22577,2934138,0
34941,3332,Directed,22578,2347046,0
27986,76031,Directed,22579,5280855,0
32822,99632,Directed,22580,2623132,0
82008,92672,Directed,22581,3111675,0
42627,30509,Directed,22582,2608003,0
86479,69414,Directed,22583,4880488,0
1895,66200,Directed,22584,592123,0
48135,93608,Directed,22585,6442557,0
93228,66160,Directed,22586,5370378,0
48423,22491,Directed,22587,4616652,0
15335,48518,Directed,22588,631415,0
38256,18166,Directed,22589,4166313,0
83611,93313,Directed,22590,4979620,0
71371,53821,Directed,22591,5279346,0
36856,28476,Directed,22592,3090646,0
42005,6034,Directed,22593,4714192,0
93017,27061,Directed,22594,3935548,0
76155,96092,Directed,22595,1435180,0
54787,35133,Directed,22596,519708,0
50094,90993,Directed,22597,5189387,0
32142,38108,Directed,22598,3316517,0
50341,82940,Directed,22599,3754021,0
4470,84461,Directed,22600,2596920,0
5396,23417,Directed,22601,316393,0
95201,4542,Directed,22602,5104924,0
11699,93579,Directed,22603,2987751,0
72763,23600,Directed,22604,5913611,0
20909,39331,Directed,22605,5760785,0
29594,62188,Directed,22606,5549084,0
58105,16569,Directed,22607,4569024,0
66704,95558,Directed,22608,2826744,0
1897,24338,Directed,22609,1642372,0
55923,56983,Directed,22610,5400135,0
36246,84211,Directed,22611,572349,0
86178,78562,Directed,22612,4056756,0
2476,85333,Directed,22613,1824805,0
72995,80260,Directed,22614,4129042,0
12870,70402,Directed,22615,535208,0
10859,48510,Directed,22616,5544956,0
78139,25401,Directed,22617,1684039,0
33855,95164,Directed,22618,4027140,0
6727,58630,Directed,22619,6455691,0
21533,40003,Directed,22620,3621697,0
83352,25201,Directed,22621,1111902,0
36106,23286,Directed,22622,3640278,0
62714,67579,Directed,22623,3633901,0
84426,60595,Directed,22624,2757093,0
87486,55111,Directed,22625,860940,0
79037,61076,Directed,22626,5433625,0
65197,5746,Directed,22627,2844407,0
13594,64373,Directed,22628,2093588,0
65883,24748,Directed,22629,867977,0
25929,17258,Directed,22630,4497752,0
48309,87296,Directed,22631,3058326,0
91306,77046,Directed,22632,5823140,0
11525,75209,Directed,22633,6465639,0
84215,63021,Directed,22634,1232548,0
76718,42277,Directed,22635,1736416,0
20051,87338,Directed,22636,3874713,0
69988,11091,Directed,22637,5959298,0
66379,60426,Directed,22638,4227321,0
78243,24444,Directed,22639,3418208,0
29763,17266,Directed,22640,3405797,0
87164,87335,Directed,22641,447595,0
65823,39370,Directed,22642,3837109,0
4113,85486,Directed,22643,2269971,0
45407,94679,Directed,22644,6819592,0
33189,58513,Directed,22645,4034093,0
24009,99360,Directed,22646,1784913,0
8581,27487,Directed,22647,1349463,0
70889,36540,Directed,22648,3453599,0
349,6966,Directed,22649,3750180,0
72130,26194,Directed,22650,3816892,0
14057,33935,Directed,22651,611056,0
1646,87331,Directed,22652,112917,0
82959,5634,Directed,22653,3291373,0
97278,9091,Directed,22654,1898417,0
69663,51624,Directed,22655,3530283,0
35511,75542,Directed,22656,448910,0
32042,72317,Directed,22657,5712794,0
81273,46402,Directed,22658,2936526,0
82705,31310,Directed,22659,514418,0
64028,27444,Directed,22660,646119,0
33718,69566,Directed,22661,670391,0
52088,41176,Directed,22662,2181996,0
45294,6199,Directed,22663,5959988,0
17576,83939,Directed,22664,185456,0
70010,38565,Directed,22665,6878958,0
11699,832,Directed,22666,1702403,0
33769,60595,Directed,22667,5126204,0
41634,76031,Directed,22668,1853925,0
11525,15632,Directed,22669,4972373,0
93710,36856,Directed,22670,4440241,0
1683,11620,Directed,22671,3606548,0
1895,42005,Directed,22672,4855182,0
86807,29492,Directed,22673,4397517,0
63307,35511,Directed,22674,2071229,0
39370,21533,Directed,22675,2001168,0
99632,32042,Directed,22676,1589935,0
99632,7480,Directed,22677,2892068,0
55033,55923,Directed,22678,3405904,0
87338,16037,Directed,22679,6063558,0
82940,10853,Directed,22680,262460,0
45806,15632,Directed,22681,1796475,0
93579,18166,Directed,22682,624864,0
15632,35133,Directed,22683,1244016,0
83939,18230,Directed,22684,1268221,0
41819,31439,Directed,22685,4007857,0
30509,43439,Directed,22686,5384694,0
36839,30965,Directed,22687,4588859,0
36839,37177,Directed,22688,1296433,0
80401,43439,Directed,22689,5255938,0
11620,82688,Directed,22690,3529488,0
45772,82410,Directed,22691,4040534,0
17447,75076,Directed,22692,4128552,0
62348,30105,Directed,22693,6306849,0
79037,41220,Directed,22694,5901524,0
93608,60094,Directed,22695,1224808,0
60595,7806,Directed,22696,6715748,0
80925,16595,Directed,22697,4775669,0
23417,34544,Directed,22698,3840604,0
94211,90146,Directed,22699,2609475,0
52358,70742,Directed,22700,4069285,0
82008,16524,Directed,22701,6419065,0
62348,70964,Directed,22702,5612589,0
1841,71167,Directed,22703,2106105,0
6727,23494,Directed,22704,2724504,0
21254,33855,Directed,22705,3135930,0
21955,20300,Directed,22706,2808503,0
3092,22427,Directed,22707,1145624,0
18626,29492,Directed,22708,4629576,0
16595,41370,Directed,22709,5178964,0
76026,62188,Directed,22710,5217932,0
8056,50710,Directed,22711,3174284,0
88645,17283,Directed,22712,93827,0
39060,29315,Directed,22713,5993255,0
7038,83673,Directed,22714,2052036,0
4161,18561,Directed,22715,6875557,0
37177,27986,Directed,22716,2306338,0
82930,39266,Directed,22717,6445058,0
82688,63240,Directed,22718,959936,0
82930,18125,Directed,22719,1977604,0
82930,21135,Directed,22720,359943,0
71475,52387,Directed,22721,2218230,0
30965,51446,Directed,22722,4268081,0
31439,96773,Directed,22723,3367443,0
82930,52747,Directed,22724,3380428,0
27283,77879,Directed,22725,328738,0
27283,84171,Directed,22726,328738,0
27283,88291,Directed,22727,328738,0
27283,69374,Directed,22728,328738,0
27283,40542,Directed,22729,328738,0
27283,15631,Directed,22730,328738,0
27283,79182,Directed,22731,328738,0
27283,42325,Directed,22732,328738,0
27283,30617,Directed,22733,328738,0
27283,699,Directed,22734,328738,0
27283,25903,Directed,22735,328738,0
27283,200,Directed,22736,328738,0
27283,66844,Directed,22737,328739,0
27283,32925,Directed,22738,328739,0
27283,12802,Directed,22739,328739,0
27283,62007,Directed,22740,328739,0
96057,62983,Directed,22741,170114,0
96057,92703,Directed,22742,170114,0
96057,84145,Directed,22743,170114,0
96057,53361,Directed,22744,170114,0
96057,26494,Directed,22745,170114,0
96057,50151,Directed,22746,170114,0
96057,1503,Directed,22747,170114,0
96057,79367,Directed,22748,170114,0
96057,98815,Directed,22749,170114,0
96057,99099,Directed,22750,170114,0
96057,2474,Directed,22751,170114,0
96057,58010,Directed,22752,170114,0
96057,22745,Directed,22753,170114,0
96057,71784,Directed,22754,170114,0
96057,90078,Directed,22755,170114,0
96057,65929,Directed,22756,170115,0
96057,78784,Directed,22757,170115,0
96057,94776,Directed,22758,170115,0
96057,53,Directed,22759,170115,0
96057,99829,Directed,22760,170115,0
96057,12859,Directed,22761,170115,0
96057,60127,Directed,22762,170115,0
96057,80879,Directed,22763,170115,0
96057,63401,Directed,22764,170115,0
96057,18465,Directed,22765,170115,0
96057,67171,Directed,22766,170115,0
19104,30226,Directed,22767,44893,0
19104,45136,Directed,22768,44893,0
19104,51392,Directed,22769,44893,0
19104,38543,Directed,22770,44893,0
19104,78726,Directed,22771,44893,0
19104,48379,Directed,22772,44893,0
19104,25355,Directed,22773,44893,0
19104,97525,Directed,22774,44893,0
19104,35911,Directed,22775,44893,0
19104,56102,Directed,22776,44893,0
19104,61426,Directed,22777,44893,0
19104,64427,Directed,22778,44894,0
8550,5807,Directed,22779,275217,0
8550,6886,Directed,22780,275217,0
8550,43462,Directed,22781,275217,0
8550,32084,Directed,22782,275217,0
8550,91241,Directed,22783,275217,0
8550,59526,Directed,22784,275217,0
8550,90174,Directed,22785,275217,0
8550,66241,Directed,22786,275217,0
8550,71916,Directed,22787,275217,0
8550,35146,Directed,22788,275217,0
8550,97122,Directed,22789,275217,0
8550,562,Directed,22790,275217,0
8550,9064,Directed,22791,275217,0
8550,87178,Directed,22792,275217,0
8550,90066,Directed,22793,275217,0
8550,98551,Directed,22794,275217,0
8550,53029,Directed,22795,275217,0
8550,93401,Directed,22796,275217,0
8550,28645,Directed,22797,275217,0
8550,58183,Directed,22798,275217,0
49153,20352,Directed,22799,267793,0
49153,86005,Directed,22800,267794,0
49153,52923,Directed,22801,267794,0
55870,17530,Directed,22802,1886673,0
84344,24873,Directed,22803,4449948,0
15530,73375,Directed,22804,2389506,0
97472,62943,Directed,22805,4112242,0
68506,71141,Directed,22806,2990897,0
61071,70912,Directed,22807,1623705,0
58513,31174,Directed,22808,1115815,0
53935,467,Directed,22809,1176907,0
23812,29698,Directed,22810,3817906,0
87748,79291,Directed,22811,2627756,0
20779,61,Directed,22812,4697163,0
15264,83912,Directed,22813,160095,0
63412,62120,Directed,22814,2491642,0
84097,2196,Directed,22815,4854963,0
81456,59191,Directed,22816,1825646,0
50700,46668,Directed,22817,2876429,0
71957,95606,Directed,22818,4384402,0
6711,27336,Directed,22819,2188635,0
21226,88390,Directed,22820,3550767,0
96135,36942,Directed,22821,1437053,0
18124,73026,Directed,22822,931666,0
9107,84347,Directed,22823,3295362,0
71698,81522,Directed,22824,3268260,0
74435,50110,Directed,22825,1385304,0
9309,17700,Directed,22826,1299187,0
99934,55222,Directed,22827,3855137,0
80885,20631,Directed,22828,3999274,0
79612,18098,Directed,22829,1368020,0
11380,80195,Directed,22830,3319685,0
38993,24266,Directed,22831,3964183,0
23477,68698,Directed,22832,302294,0
15048,28135,Directed,22833,4260117,0
40167,31783,Directed,22834,3422485,0
77415,2416,Directed,22835,3962262,0
43430,49910,Directed,22836,2292028,0
13484,62066,Directed,22837,4728885,0
3157,2232,Directed,22838,3221883,0
36891,24642,Directed,22839,1755132,0
65900,2041,Directed,22840,1795938,0
48794,91733,Directed,22841,1554429,0
32130,35633,Directed,22842,2652759,0
83087,49705,Directed,22843,1997322,0
53077,91771,Directed,22844,4635498,0
23263,22251,Directed,22845,3008377,0
26878,41341,Directed,22846,1481266,0
90938,96910,Directed,22847,3056990,0
71595,68262,Directed,22848,113273,0
78082,99950,Directed,22849,657559,0
43068,11108,Directed,22850,993567,0
84823,81869,Directed,22851,2746049,0
91914,5268,Directed,22852,2221763,0
95340,30340,Directed,22853,1376091,0
94692,42723,Directed,22854,1269134,0
83513,37619,Directed,22855,434734,0
24556,1257,Directed,22856,367154,0
46296,31997,Directed,22857,4528389,0
54093,94808,Directed,22858,1507304,0
70732,68026,Directed,22859,3099667,0
69642,67083,Directed,22860,325449,0
89429,22557,Directed,22861,1039338,0
3060,21551,Directed,22862,1476902,0
37534,27881,Directed,22863,3258312,0
69473,8950,Directed,22864,2773272,0
36975,4661,Directed,22865,1457880,0
5083,29168,Directed,22866,2683427,0
45837,41851,Directed,22867,3674691,0
98572,22950,Directed,22868,4100385,0
93267,78811,Directed,22869,1971558,0
18192,33489,Directed,22870,2412412,0
66674,57645,Directed,22871,4969582,0
40374,88225,Directed,22872,4484464,0
38590,13481,Directed,22873,1158785,0
70945,418,Directed,22874,4827206,0
66252,52697,Directed,22875,4558464,0
22766,68084,Directed,22876,4396738,0
90395,68719,Directed,22877,4735195,0
8827,61399,Directed,22878,4845403,0
85406,95093,Directed,22879,2405313,0
68735,17156,Directed,22880,4719144,0
36398,48307,Directed,22881,2155695,0
3985,4055,Directed,22882,4432076,0
28369,14453,Directed,22883,1932291,0
14036,55166,Directed,22884,511709,0
57336,91016,Directed,22885,4389484,0
2106,23641,Directed,22886,1688103,0
95826,47963,Directed,22887,3907133,0
26296,26740,Directed,22888,1459806,0
81479,37507,Directed,22889,4170475,0
99221,17351,Directed,22890,3655434,0
48799,89984,Directed,22891,4333353,0
88901,40556,Directed,22892,3488409,0
15766,34294,Directed,22893,4707675,0
75678,68698,Directed,22894,1479723,0
71803,68468,Directed,22895,1384956,0
4819,73913,Directed,22896,2171650,0
63810,2842,Directed,22897,4995108,0
23069,3828,Directed,22898,2348784,0
74177,20451,Directed,22899,2722773,0
69425,99507,Directed,22900,3429976,0
11279,31819,Directed,22901,716289,0
10177,52894,Directed,22902,2014638,0
57738,14685,Directed,22903,1891929,0
20246,55566,Directed,22904,1581600,0
98808,59623,Directed,22905,4135093,0
71760,6225,Directed,22906,4187465,0
27583,28306,Directed,22907,818780,0
68974,76240,Directed,22908,1612344,0
75021,68961,Directed,22909,3929662,0
33188,80349,Directed,22910,3183022,0
37278,6254,Directed,22911,685902,0
2137,70023,Directed,22912,765028,0
38127,90579,Directed,22913,1911421,0
61096,83515,Directed,22914,1961744,0
94054,86646,Directed,22915,2418626,0
93815,81516,Directed,22916,4739686,0
93352,44509,Directed,22917,3251400,0
49130,89560,Directed,22918,1919156,0
81765,33961,Directed,22919,3437899,0
17015,52570,Directed,22920,1610222,0
26802,82070,Directed,22921,3388934,0
97239,78283,Directed,22922,311268,0
99576,92220,Directed,22923,1689037,0
73630,44234,Directed,22924,1000724,0
65629,32079,Directed,22925,4062317,0
20843,28570,Directed,22926,4897074,0
97147,7385,Directed,22927,3891721,0
37802,53268,Directed,22928,1480799,0
72456,41330,Directed,22929,1474126,0
63409,79893,Directed,22930,4329200,0
51093,59357,Directed,22931,4755809,0
15050,58980,Directed,22932,1335967,0
22247,54765,Directed,22933,3629536,0
59920,68262,Directed,22934,123197,0
97237,47018,Directed,22935,4324963,0
79393,5629,Directed,22936,4161515,0
2984,52750,Directed,22937,2519622,0
14931,85860,Directed,22938,3661870,0
15287,10919,Directed,22939,2483966,0
21341,74301,Directed,22940,1265886,0
13203,98237,Directed,22941,674474,0
93557,44688,Directed,22942,1088725,0
4609,72851,Directed,22943,3953018,0
41485,5953,Directed,22944,3847765,0
46436,77346,Directed,22945,1786639,0
99282,49218,Directed,22946,4458846,0
89943,29438,Directed,22947,3861235,0
68498,84418,Directed,22948,869493,0
93252,56221,Directed,22949,748010,0
68720,97712,Directed,22950,987796,0
45719,70122,Directed,22951,4977320,0
16974,22898,Directed,22952,3284761,0
3067,16921,Directed,22953,1866891,0
61611,83424,Directed,22954,216045,0
77971,81048,Directed,22955,3776313,0
95880,95399,Directed,22956,3931829,0
4463,65272,Directed,22957,616869,0
19544,36614,Directed,22958,3365041,0
32599,18661,Directed,22959,3040921,0
10317,74938,Directed,22960,1026663,0
62603,29110,Directed,22961,1093747,0
33645,55072,Directed,22962,2298957,0
86651,72065,Directed,22963,1394362,0
55717,91892,Directed,22964,2497750,0
24440,81312,Directed,22965,2357356,0
70264,90843,Directed,22966,4002311,0
24510,78559,Directed,22967,4730973,0
59014,39060,Directed,22968,4339729,0
82181,36930,Directed,22969,394042,0
42831,44412,Directed,22970,2953532,0
39345,17534,Directed,22971,1423374,0
40517,72522,Directed,22972,197077,0
87587,98536,Directed,22973,1274619,0
33823,33789,Directed,22974,3808618,0
36973,29614,Directed,22975,1980983,0
56788,52825,Directed,22976,3521582,0
79212,86384,Directed,22977,3901873,0
85464,4500,Directed,22978,2410295,0
31930,57399,Directed,22979,2765625,0
866,15552,Directed,22980,4740137,0
11054,10804,Directed,22981,2091010,0
13064,76451,Directed,22982,2166982,0
6890,64136,Directed,22983,184924,0
11686,9324,Directed,22984,3878422,0
7415,69994,Directed,22985,2000595,0
29256,50096,Directed,22986,1116142,0
596,88309,Directed,22987,1926121,0
48643,23882,Directed,22988,2370940,0
38638,85499,Directed,22989,3991712,0
43624,50759,Directed,22990,1999105,0
73965,1968,Directed,22991,1342342,0
23952,54510,Directed,22992,1175847,0
64072,92883,Directed,22993,3384858,0
27633,66588,Directed,22994,515641,0
70504,58765,Directed,22995,4629143,0
85180,4961,Directed,22996,4476657,0
28562,58427,Directed,22997,966820,0
59829,91264,Directed,22998,2118629,0
83831,1013,Directed,22999,4667570,0
3389,94221,Directed,23000,3446773,0
76106,41315,Directed,23001,1889603,0
53075,63910,Directed,23002,1579099,0
91664,10233,Directed,23003,3534303,0
80198,56531,Directed,23004,1931899,0
55955,2389,Directed,23005,2311680,0
80417,25172,Directed,23006,1384387,0
79779,74959,Directed,23007,4640544,0
59047,75007,Directed,23008,2691758,0
93237,28594,Directed,23009,2471475,0
89707,20924,Directed,23010,4243303,0
3594,88623,Directed,23011,3623277,0
82494,76772,Directed,23012,927702,0
46125,57020,Directed,23013,764617,0
83061,72988,Directed,23014,2187492,0
39475,603,Directed,23015,3315870,0
82292,99373,Directed,23016,3462933,0
99250,78255,Directed,23017,4505513,0
23853,80326,Directed,23018,454238,0
48967,70275,Directed,23019,4922163,0
17011,67775,Directed,23020,347290,0
6431,21366,Directed,23021,4371028,0
46146,90377,Directed,23022,3724101,0
65022,61591,Directed,23023,4279178,0
65222,14956,Directed,23024,4180201,0
13655,30428,Directed,23025,4886683,0
5569,58674,Directed,23026,625093,0
49543,95152,Directed,23027,1096351,0
45069,65997,Directed,23028,3972197,0
47572,81630,Directed,23029,3256323,0
53222,77434,Directed,23030,4825224,0
1286,17233,Directed,23031,1542996,0
23041,82061,Directed,23032,1339767,0
15597,58273,Directed,23033,4263762,0
40659,23997,Directed,23034,2084373,0
13431,83381,Directed,23035,1634913,0
33294,21709,Directed,23036,3410090,0
16633,65511,Directed,23037,330293,0
7828,28174,Directed,23038,2814218,0
13506,55217,Directed,23039,1994667,0
76340,55758,Directed,23040,4509267,0
59403,1787,Directed,23041,4924244,0
99775,45704,Directed,23042,2873466,0
98300,86978,Directed,23043,4899627,0
5224,4388,Directed,23044,3944928,0
91741,44794,Directed,23045,799975,0
78222,42292,Directed,23046,1801199,0
98628,59469,Directed,23047,86743,0
23686,25511,Directed,23048,2768237,0
71790,43732,Directed,23049,4954692,0
39968,44627,Directed,23050,990610,0
61162,78998,Directed,23051,3860332,0
48774,78255,Directed,23052,3170100,0
74205,25089,Directed,23053,1687581,0
6162,21496,Directed,23054,1855160,0
24653,81941,Directed,23055,4673230,0
97857,81901,Directed,23056,2145201,0
40945,84520,Directed,23057,4494518,0
21262,88684,Directed,23058,1715903,0
62612,83206,Directed,23059,3133830,0
61737,43877,Directed,23060,2543150,0
87422,46362,Directed,23061,2404446,0
75439,53693,Directed,23062,1450694,0
85902,96010,Directed,23063,363541,0
58976,63592,Directed,23064,625032,0
12924,56619,Directed,23065,3197368,0
40939,39952,Directed,23066,2081709,0
36154,30735,Directed,23067,4824160,0
65693,41233,Directed,23068,2682428,0
98866,16241,Directed,23069,1868172,0
8953,90794,Directed,23070,1922266,0
46242,41205,Directed,23071,900632,0
85716,66341,Directed,23072,1341563,0
37792,52256,Directed,23073,2373541,0
40206,55859,Directed,23074,1015133,0
49846,85016,Directed,23075,4022893,0
76223,18247,Directed,23076,2827924,0
76829,4000,Directed,23077,1382910,0
2295,27828,Directed,23078,3147590,0
89252,34421,Directed,23079,587444,0
4108,35891,Directed,23080,2414479,0
15539,35677,Directed,23081,4317737,0
26217,4919,Directed,23082,2669309,0
20457,24114,Directed,23083,781465,0
16988,74937,Directed,23084,4637190,0
57246,4129,Directed,23085,192967,0
48104,39961,Directed,23086,1998986,0
51395,45408,Directed,23087,997049,0
30799,69779,Directed,23088,2156123,0
8329,86560,Directed,23089,2892490,0
42862,74946,Directed,23090,1823624,0
52808,29728,Directed,23091,3287533,0
34565,50275,Directed,23092,3334081,0
98047,87901,Directed,23093,3579561,0
46560,5591,Directed,23094,3635704,0
97547,76168,Directed,23095,4685634,0
88501,72081,Directed,23096,2008509,0
71746,67214,Directed,23097,4956106,0
78089,22542,Directed,23098,4860382,0
61630,21022,Directed,23099,1977151,0
56749,87541,Directed,23100,3786723,0
61958,36703,Directed,23101,3893725,0
72538,80715,Directed,23102,89681,0
25930,38206,Directed,23103,66930,0
66595,11761,Directed,23104,4646080,0
64872,53465,Directed,23105,3310272,0
52291,2372,Directed,23106,4614042,0
24099,25210,Directed,23107,4844598,0
14846,84900,Directed,23108,1436502,0
31344,17378,Directed,23109,1738005,0
57361,44441,Directed,23110,3589333,0
82093,26293,Directed,23111,768260,0
11200,79868,Directed,23112,4052075,0
58823,32382,Directed,23113,248214,0
71890,37448,Directed,23114,2084736,0
90373,49579,Directed,23115,826280,0
5795,17240,Directed,23116,4289505,0
31815,45385,Directed,23117,3412264,0
42879,19263,Directed,23118,3217217,0
46531,36450,Directed,23119,4219354,0
18202,3608,Directed,23120,2875979,0
29681,30154,Directed,23121,4727747,0
20546,86594,Directed,23122,599428,0
14614,31073,Directed,23123,3372794,0
71858,17627,Directed,23124,3906096,0
9398,29363,Directed,23125,4938001,0
90279,80350,Directed,23126,2674973,0
57087,13293,Directed,23127,4214863,0
12303,86732,Directed,23128,650038,0
30932,50722,Directed,23129,234796,0
79733,83575,Directed,23130,1124183,0
17446,4857,Directed,23131,1648432,0
48053,63619,Directed,23132,1940175,0
75507,15336,Directed,23133,1898655,0
4832,38638,Directed,23134,3954174,0
57489,39651,Directed,23135,4729468,0
30644,77620,Directed,23136,656767,0
77657,72806,Directed,23137,4187029,0
94476,43225,Directed,23138,2915622,0
46314,88223,Directed,23139,923773,0
46893,96138,Directed,23140,365171,0
41337,95930,Directed,23141,514164,0
81233,2525,Directed,23142,1737404,0
66658,90834,Directed,23143,3015823,0
14664,91860,Directed,23144,1682797,0
50457,41618,Directed,23145,1416689,0
7960,96938,Directed,23146,145440,0
23824,40603,Directed,23147,2924731,0
9462,65474,Directed,23148,1866686,0
49896,66893,Directed,23149,3751326,0
29968,35235,Directed,23150,4264367,0
52554,56808,Directed,23151,1894680,0
89707,30152,Directed,23152,370947,0
47353,41905,Directed,23153,3482904,0
64890,85625,Directed,23154,1985136,0
57365,13814,Directed,23155,1534832,0
85195,35482,Directed,23156,3073795,0
69561,14678,Directed,23157,69975,0
16485,44689,Directed,23158,2870700,0
3798,51215,Directed,23159,3286975,0
38153,46344,Directed,23160,1224059,0
47047,20896,Directed,23161,1630093,0
21515,75244,Directed,23162,2096746,0
28248,60455,Directed,23163,1602992,0
37108,79920,Directed,23164,2302217,0
7633,73423,Directed,23165,3829176,0
33596,45412,Directed,23166,422432,0
35256,98589,Directed,23167,3062729,0
12962,95511,Directed,23168,174059,0
23514,38448,Directed,23169,1667990,0
93989,57131,Directed,23170,3327184,0
723,24818,Directed,23171,1267920,0
70734,69285,Directed,23172,3715222,0
93556,77285,Directed,23173,1114870,0
76546,54402,Directed,23174,3480679,0
76320,9413,Directed,23175,4058288,0
43889,59678,Directed,23176,2312958,0
64654,65773,Directed,23177,2241888,0
90140,99814,Directed,23178,4104167,0
45882,47581,Directed,23179,2878294,0
11077,26825,Directed,23180,669125,0
5917,33125,Directed,23181,499494,0
64731,49412,Directed,23182,3907096,0
30084,10836,Directed,23183,2007950,0
64292,57951,Directed,23184,2421810,0
54161,17918,Directed,23185,602950,0
94284,9888,Directed,23186,934629,0
92033,20890,Directed,23187,2256228,0
1489,77795,Directed,23188,1783682,0
48180,4850,Directed,23189,256469,0
71269,45201,Directed,23190,3115424,0
40268,78025,Directed,23191,2800610,0
10147,29990,Directed,23192,1023149,0
36698,79340,Directed,23193,4402054,0
68889,35880,Directed,23194,4440725,0
29080,83596,Directed,23195,1920494,0
23831,77407,Directed,23196,4895580,0
45472,58536,Directed,23197,2862029,0
70378,55162,Directed,23198,1130773,0
60795,16152,Directed,23199,960781,0
83524,28876,Directed,23200,1949975,0
91753,47632,Directed,23201,2075687,0
71858,56531,Directed,23202,878986,0
68889,49579,Directed,23203,4996101,0
36698,35235,Directed,23204,3252156,0
15050,6225,Directed,23205,3909908,0
15597,88223,Directed,23206,1605747,0
70264,15287,Directed,23207,2051059,0
72456,15050,Directed,23208,3678842,0
83513,56749,Directed,23209,2069819,0
53075,82494,Directed,23210,1833878,0
13506,19544,Directed,23211,4918859,0
61399,46436,Directed,23212,2511469,0
603,57361,Directed,23213,1758852,0
50275,96135,Directed,23214,3270858,0
65997,98808,Directed,23215,1546392,0
37507,98047,Directed,23216,704348,0
73913,53268,Directed,23217,4752915,0
95152,70912,Directed,23218,2920899,0
53268,17534,Directed,23219,1840788,0
17700,88390,Directed,23220,1592377,0
2232,6254,Directed,23221,1224511,0
5953,6477,Directed,23222,2009005,0
33789,61346,Directed,23223,4525371,0
26293,18165,Directed,23224,3963280,0
77285,18165,Directed,23225,1791782,0
59191,95498,Directed,23226,420739,0
24510,95498,Directed,23227,3271848,0
97547,31163,Directed,23228,4277215,0
11200,73055,Directed,23229,1178060,0
74177,83790,Directed,23230,4169010,0
8953,9987,Directed,23231,862405,0
55072,41461,Directed,23232,2686717,0
87901,84618,Directed,23233,1427598,0
30735,3854,Directed,23234,4849662,0
70122,35926,Directed,23235,3992582,0
86384,6762,Directed,23236,1707322,0
76223,47522,Directed,23237,652264,0
17015,15214,Directed,23238,4290973,0
73965,38586,Directed,23239,1588697,0
69425,71059,Directed,23240,4711577,0
53222,95692,Directed,23241,4689476,0
1549,71746,Directed,23242,4939185,0
9373,28248,Directed,23243,4657933,0
90598,14931,Directed,23244,2947084,0
23784,38993,Directed,23245,3083463,0
70669,93815,Directed,23246,1624827,0
22046,70275,Directed,23247,1745188,0
20337,50110,Directed,23248,461029,0
22049,80349,Directed,23249,305353,0
27771,74938,Directed,23250,1077674,0
46627,17240,Directed,23251,4049544,0
28046,73630,Directed,23252,2568792,0
89131,75507,Directed,23253,1754765,0
94670,13506,Directed,23254,4947130,0
89131,65629,Directed,23255,795947,0
61346,37108,Directed,23256,1797531,0
31163,95093,Directed,23257,2395386,0
28046,8950,Directed,23258,3655808,0
77508,65511,Directed,23259,3204700,0
73055,83206,Directed,23260,655907,0
86903,67214,Directed,23261,3934608,0
23069,47590,Directed,23262,4555562,0
1489,34989,Directed,23263,340443,0
65222,950,Directed,23264,4524228,0
85716,950,Directed,23265,421672,0
46436,73532,Directed,23266,1421211,0
52554,67662,Directed,23267,4686162,0
38590,41703,Directed,23268,3062117,0
84097,44075,Directed,23269,1387855,0
7960,55735,Directed,23270,1026062,0
47353,71881,Directed,23271,2884434,0
70504,58819,Directed,23272,1123395,0
89943,55884,Directed,23273,2117317,0
20779,32548,Directed,23274,379128,0
42831,63730,Directed,23275,2046834,0
16988,32346,Directed,23276,226695,0
44441,68625,Directed,23277,2686176,0
26293,29182,Directed,23278,378583,0
24114,25682,Directed,23279,1951655,0
27336,44881,Directed,23280,381968,0
20896,39185,Directed,23281,3603745,0
16921,75252,Directed,23282,224357,0
61,68275,Directed,23283,631490,0
5629,41703,Directed,23284,4035833,0
13293,1366,Directed,23285,2310552,0
38206,85539,Directed,23286,2231671,0
61399,35053,Directed,23287,2386752,0
44627,46638,Directed,23288,2468440,0
98536,10608,Directed,23289,3940987,0
53465,19795,Directed,23290,3975419,0
3828,61320,Directed,23291,1841260,0
29182,85902,Directed,23292,351589,0
44827,40206,Directed,23293,399814,0
20849,36154,Directed,23294,1604298,0
73532,70504,Directed,23295,2620297,0
85457,99282,Directed,23296,1288283,0
44827,88623,Directed,23297,1963577,0
57833,1257,Directed,23298,2333678,0
31270,35235,Directed,23299,95888,0
57833,66341,Directed,23300,2572396,0
3961,43732,Directed,23301,4969901,0
57768,36973,Directed,23302,685247,0
7654,13064,Directed,23303,1367414,0
94652,24510,Directed,23304,1395287,0
36647,33294,Directed,23305,4253756,0
1366,48104,Directed,23306,2916631,0
84551,83206,Directed,23307,2751485,0
44075,28306,Directed,23308,1161940,0
8475,47018,Directed,23309,2351552,0
60685,55758,Directed,23310,2223761,0
68275,69285,Directed,23311,4116948,0
4689,75678,Directed,23312,1158968,0
66955,90279,Directed,23313,3036683,0
15558,59047,Directed,23314,4699498,0
6599,50700,Directed,23315,220813,0
64269,71803,Directed,23316,4990689,0
57768,36703,Directed,23317,3196628,0
33174,26740,Directed,23318,3802359,0
41032,44509,Directed,23319,4634190,0
97966,95152,Directed,23320,1162767,0
70242,418,Directed,23321,2501184,0
60285,4763,Directed,23322,4387938,0
4763,52672,Directed,23323,4387938,0
52672,78424,Directed,23324,4387938,0
78424,97246,Directed,23325,4387938,0
97246,26173,Directed,23326,4387938,0
26173,24411,Directed,23327,4387938,0
24411,939,Directed,23328,4387938,0
939,91556,Directed,23329,4387938,0
91556,1145,Directed,23330,4387938,0
1145,73250,Directed,23331,4387938,0
73250,55694,Directed,23332,4387938,0
55694,19022,Directed,23333,4387938,0
19022,93428,Directed,23334,4387938,0
93428,12712,Directed,23335,4387938,0
12712,42838,Directed,23336,4387938,0
41323,78247,Directed,23337,1395815,0
78247,24829,Directed,23338,1395815,0
24829,67002,Directed,23339,1395815,0
67002,33148,Directed,23340,1395815,0
33148,70809,Directed,23341,1395815,0
70809,29444,Directed,23342,1395815,0
29444,44823,Directed,23343,1395815,0
44823,18510,Directed,23344,1395815,0
18510,65118,Directed,23345,1395815,0
65118,85423,Directed,23346,1395815,0
24748,99772,Directed,23347,3503270,0
99772,98671,Directed,23348,3503270,0
98671,55419,Directed,23349,3503270,0
55419,86550,Directed,23350,3503270,0
86550,447,Directed,23351,3503270,0
447,29601,Directed,23352,3503270,0
29601,4622,Directed,23353,3503270,0
4622,7538,Directed,23354,3503270,0
7538,15428,Directed,23355,3503270,0
66175,17401,Directed,23356,4369196,0
17401,13760,Directed,23357,4369196,0
13760,32080,Directed,23358,4369196,0
32080,69237,Directed,23359,4369196,0
69237,44868,Directed,23360,4369196,0
44868,57816,Directed,23361,4369196,0
57816,70882,Directed,23362,4369196,0
70882,68179,Directed,23363,4369196,0
28238,32176,Directed,23364,1180054,0
32176,2608,Directed,23365,1180054,0
2608,26551,Directed,23366,1180054,0
26551,33564,Directed,23367,1180054,0
33564,6678,Directed,23368,1180054,0
6678,40154,Directed,23369,1180054,0
40154,54099,Directed,23370,1180054,0
30770,62556,Directed,23371,13332,0
39119,62556,Directed,23372,13332,0
54784,62556,Directed,23373,13332,0
40894,62556,Directed,23374,13332,0
18036,62556,Directed,23375,13332,0
18283,62556,Directed,23376,13332,0
89886,62556,Directed,23377,13332,0
21638,62556,Directed,23378,13332,0
72442,62556,Directed,23379,13333,0
42203,43793,Directed,23380,106906,0
64550,43793,Directed,23381,106906,0
3226,43793,Directed,23382,106906,0
72164,43793,Directed,23383,106906,0
55340,43793,Directed,23384,106906,0
43725,43793,Directed,23385,106906,0
46066,43793,Directed,23386,106906,0
77458,43793,Directed,23387,106906,0
92057,43793,Directed,23388,106907,0
30714,43793,Directed,23389,106907,0
94900,43793,Directed,23390,106907,0
10908,43793,Directed,23391,106907,0
87134,43793,Directed,23392,106907,0
57913,43793,Directed,23393,106907,0
91533,43793,Directed,23394,106907,0
89714,43793,Directed,23395,106907,0
37235,43793,Directed,23396,106907,0
75468,43793,Directed,23397,106907,0
29043,43793,Directed,23398,106907,0
53540,43793,Directed,23399,106907,0
34767,43793,Directed,23400,106907,0
14945,43793,Directed,23401,106907,0
9532,43793,Directed,23402,106907,0
27332,43793,Directed,23403,106907,0
32685,43793,Directed,23404,106907,0
26390,43793,Directed,23405,106907,0
